exp,target,seed,config,nmi,ari,seconds
tune,0.05_0.0,0,lr:0.001|do:0.0|h:64,0.0029,-0.0004,2.53
depth,0.05_0.0,0,d2,0.0021,-0.0011,3.59
depth,0.05_0.0,0,d3,0.0044,0.0011,4.71
tune,0.05_0.0,0,lr:0.001|do:0.0|h:128,0.0044,0.001,3.19
mcdepth,0.05_0.0,0,mc_d2,0.0,0.0,6.05
tune,0.05_0.0,0,lr:0.001|do:0.5|h:128,0.0028,-0.0004,3.19
tune,0.05_0.0,0,lr:0.01|do:0.0|h:64,0.0013,-0.0018,2.53
mcdepth,0.05_0.0,0,mc_d3,0.0054,0.0018,8.23
tune,0.05_0.0,0,lr:0.01|do:0.5|h:64,0.0048,0.0015,2.78
tune,0.05_0.0,0,lr:0.01|do:0.0|h:128,0.0057,0.0022,3.19
tune,0.05_0.0,0,lr:0.01|do:0.5|h:128,0.0094,0.0057,3.2
depth,0.05_0.0,1,d2,0.0032,-0.0001,3.68
tune,0.05_0.0,1,lr:0.001|do:0.0|h:64,0.0036,0.0003,2.56
depth,0.05_0.0,1,d3,0.004,0.0007,5.14
tune,0.05_0.0,1,lr:0.001|do:0.0|h:128,0.003,-0.0002,3.27
mcdepth,0.05_0.0,1,mc_d2,0.0012,-0.0002,6.05
tune,0.05_0.0,1,lr:0.001|do:0.5|h:128,0.003,-0.0003,3.24
tune,0.05_0.0,1,lr:0.01|do:0.0|h:64,0.0021,-0.0011,2.74
tune,0.05_0.0,1,lr:0.01|do:0.5|h:64,0.0005,-0.0025,2.74
mcdepth,0.05_0.0,1,mc_d3,0.002,-0.0014,8.32
tune,0.05_0.0,1,lr:0.01|do:0.0|h:128,0.0027,-0.0006,3.22
tune,0.05_0.0,1,lr:0.01|do:0.5|h:128,0.0022,-0.001,3.24
depth,0.05_0.0,2,d2,0.0036,0.0002,3.9
tune,0.05_0.0,2,lr:0.001|do:0.0|h:64,0.0011,-0.002,2.52
depth,0.05_0.0,2,d3,0.0046,0.0013,5.19
mcdepth,0.05_0.0,2,mc_d2,0.0,0.0,5.97
tune,0.05_0.0,2,lr:0.001|do:0.0|h:128,0.0016,-0.0015,3.35
tune,0.05_0.0,2,lr:0.001|do:0.5|h:128,0.0019,-0.0012,3.21
tune,0.05_0.0,2,lr:0.01|do:0.0|h:64,0.0038,0.0004,2.79
mcdepth,0.05_0.0,2,mc_d3,0.003,0.0002,8.23
tune,0.05_0.0,2,lr:0.01|do:0.0|h:128,0.0021,-0.0011,3.51
tune,0.05_0.0,2,lr:0.01|do:0.5|h:64,0.0036,0.0002,2.89
tune,0.05_0.0,2,lr:0.01|do:0.5|h:128,0.0035,0.0002,3.39
depth,0.05_0.0,3,d2,0.0022,-0.001,4.17
tune,0.05_0.0,3,lr:0.001|do:0.0|h:64,0.001,-0.0021,2.64
depth,0.05_0.0,3,d3,0.0025,-0.0007,5.15
mcdepth,0.05_0.0,3,mc_d2,0.0,0.0,6.41
tune,0.05_0.0,3,lr:0.001|do:0.0|h:128,0.0027,-0.0006,3.58
tune,0.05_0.0,3,lr:0.001|do:0.5|h:128,0.004,0.0006,3.43
tune,0.05_0.0,3,lr:0.01|do:0.0|h:64,0.0049,0.0015,2.82
mcdepth,0.05_0.0,3,mc_d3,0.0025,-0.0007,8.7
tune,0.05_0.0,3,lr:0.01|do:0.0|h:128,0.0006,-0.0024,3.61
tune,0.05_0.0,3,lr:0.01|do:0.5|h:64,0.0032,0.0,2.89
tune,0.05_0.0,3,lr:0.01|do:0.5|h:128,0.0042,0.0008,3.39
depth,0.05_0.0,4,d2,0.0035,0.0003,4.03
tune,0.05_0.0,4,lr:0.001|do:0.0|h:64,0.0018,-0.0014,2.72
depth,0.05_0.0,4,d3,0.0043,0.0009,5.34
mcdepth,0.05_0.0,4,mc_d2,0.0,0.0,6.4
tune,0.05_0.0,4,lr:0.001|do:0.0|h:128,0.002,-0.0011,3.46
tune,0.05_0.0,4,lr:0.001|do:0.5|h:128,0.0058,0.0022,3.4
tune,0.05_0.0,4,lr:0.01|do:0.0|h:64,0.0018,-0.0014,2.93
mcdepth,0.05_0.0,4,mc_d3,0.0004,-0.0,8.76
tune,0.05_0.0,4,lr:0.01|do:0.5|h:64,0.0022,-0.0011,2.8
tune,0.05_0.0,4,lr:0.01|do:0.0|h:128,0.0034,0.0002,3.62
tune,0.05_0.0,4,lr:0.01|do:0.5|h:128,0.0035,0.0002,3.47
depth,0.05_0.2,0,d2,0.0228,0.0176,4.2
tune,0.05_0.2,0,lr:0.001|do:0.0|h:64,0.0252,0.0195,2.76
depth,0.05_0.2,0,d3,0.0197,0.0151,5.33
mcdepth,0.05_0.2,0,mc_d2,0.0,0.0,6.4
tune,0.05_0.2,0,lr:0.001|do:0.0|h:128,0.0178,0.0134,3.64
tune,0.05_0.2,0,lr:0.01|do:0.0|h:64,0.0226,0.0175,2.85
tune,0.05_0.2,0,lr:0.001|do:0.5|h:128,0.0162,0.0124,3.46
mcdepth,0.05_0.2,0,mc_d3,0.0105,0.0077,9.0
tune,0.05_0.2,0,lr:0.01|do:0.0|h:128,0.0102,0.0065,3.61
tune,0.05_0.2,0,lr:0.01|do:0.5|h:64,0.0166,0.0122,2.93
tune,0.05_0.2,0,lr:0.01|do:0.5|h:128,0.0137,0.0099,3.61
depth,0.05_0.2,1,d2,0.0374,0.0334,4.01
tune,0.05_0.2,1,lr:0.001|do:0.0|h:64,0.0251,0.0201,2.76
depth,0.05_0.2,1,d3,0.0341,0.0265,5.26
mcdepth,0.05_0.2,1,mc_d2,0.0,0.0,6.41
tune,0.05_0.2,1,lr:0.001|do:0.0|h:128,0.0431,0.0357,3.35
tune,0.05_0.2,1,lr:0.01|do:0.0|h:64,0.0169,0.0122,2.61
tune,0.05_0.2,1,lr:0.001|do:0.5|h:128,0.0391,0.0314,3.33
mcdepth,0.05_0.2,1,mc_d3,0.002,0.0,8.62
tune,0.05_0.2,1,lr:0.01|do:0.5|h:64,0.0333,0.029,2.62
tune,0.05_0.2,1,lr:0.01|do:0.0|h:128,0.0267,0.0209,3.48
tune,0.05_0.2,1,lr:0.01|do:0.5|h:128,0.0262,0.0212,3.32
depth,0.05_0.2,2,d2,0.0322,0.0257,3.78
depth,0.05_0.2,2,d3,0.0188,0.0129,4.9
tune,0.05_0.2,2,lr:0.001|do:0.0|h:64,0.0211,0.0171,2.61
mcdepth,0.05_0.2,2,mc_d2,0.0,0.0,6.09
tune,0.05_0.2,2,lr:0.001|do:0.0|h:128,0.0283,0.022,3.26
tune,0.05_0.2,2,lr:0.01|do:0.0|h:64,0.0177,0.0138,2.65
tune,0.05_0.2,2,lr:0.001|do:0.5|h:128,0.0319,0.0228,3.31
tune,0.05_0.2,2,lr:0.01|do:0.5|h:64,0.0092,0.0054,2.67
tune,0.05_0.2,2,lr:0.01|do:0.0|h:128,0.0231,0.0174,3.46
mcdepth,0.05_0.2,2,mc_d3,0.0106,0.005,8.5
tune,0.05_0.2,2,lr:0.01|do:0.5|h:128,0.0269,0.0197,3.36
depth,0.05_0.2,3,d2,0.0371,0.0301,3.82
tune,0.05_0.2,3,lr:0.001|do:0.0|h:64,0.0417,0.0379,2.83
depth,0.05_0.2,3,d3,0.024,0.019,5.45
mcdepth,0.05_0.2,3,mc_d2,0.0,0.0,6.23
tune,0.05_0.2,3,lr:0.001|do:0.0|h:128,0.0562,0.0507,3.6
tune,0.05_0.2,3,lr:0.001|do:0.5|h:128,0.0449,0.0407,3.85
tune,0.05_0.2,3,lr:0.01|do:0.0|h:64,0.0304,0.0255,3.16
mcdepth,0.05_0.2,3,mc_d3,0.0101,0.0065,9.24
tune,0.05_0.2,3,lr:0.01|do:0.5|h:64,0.0195,0.0157,3.06
tune,0.05_0.2,3,lr:0.01|do:0.0|h:128,0.0323,0.027,3.89
tune,0.05_0.2,3,lr:0.01|do:0.5|h:128,0.0214,0.018,3.87
depth,0.05_0.2,4,d2,0.0313,0.0255,4.44
depth,0.05_0.2,4,d3,0.0281,0.0237,5.58
tune,0.05_0.2,4,lr:0.001|do:0.0|h:64,0.0266,0.0221,3.11
mcdepth,0.05_0.2,4,mc_d2,0.0,0.0,7.0
tune,0.05_0.2,4,lr:0.001|do:0.0|h:128,0.0468,0.0413,3.79
tune,0.05_0.2,4,lr:0.01|do:0.0|h:64,0.0304,0.0249,3.07
tune,0.05_0.2,4,lr:0.001|do:0.5|h:128,0.0318,0.0266,3.79
mcdepth,0.05_0.2,4,mc_d3,0.0223,0.0181,9.62
tune,0.05_0.2,4,lr:0.01|do:0.5|h:64,0.0289,0.0236,3.18
tune,0.05_0.2,4,lr:0.01|do:0.0|h:128,0.0451,0.0417,4.08
tune,0.05_0.2,4,lr:0.01|do:0.5|h:128,0.014,0.0099,3.96
depth,0.05_0.35,0,d2,0.0956,0.0831,4.53
tune,0.05_0.35,0,lr:0.001|do:0.0|h:64,0.084,0.0699,3.28
depth,0.05_0.35,0,d3,0.0268,0.0207,5.9
mcdepth,0.05_0.35,0,mc_d2,0.0,0.0,7.34
tune,0.05_0.35,0,lr:0.001|do:0.0|h:128,0.1102,0.0988,3.97
tune,0.05_0.35,0,lr:0.01|do:0.0|h:64,0.0633,0.0533,3.18
tune,0.05_0.35,0,lr:0.001|do:0.5|h:128,0.1175,0.1146,3.92
tune,0.05_0.35,0,lr:0.01|do:0.5|h:64,0.0477,0.0409,3.16
mcdepth,0.05_0.35,0,mc_d3,0.0043,0.0016,10.16
tune,0.05_0.35,0,lr:0.01|do:0.0|h:128,0.0929,0.088,4.08
tune,0.05_0.35,0,lr:0.01|do:0.5|h:128,0.0729,0.0689,3.92
depth,0.05_0.35,1,d2,0.0928,0.089,4.52
tune,0.05_0.35,1,lr:0.001|do:0.0|h:64,0.0641,0.0614,3.17
depth,0.05_0.35,1,d3,0.0919,0.08,6.26
mcdepth,0.05_0.35,1,mc_d2,0.0,0.0,7.09
tune,0.05_0.35,1,lr:0.001|do:0.0|h:128,0.1427,0.1277,3.87
tune,0.05_0.35,1,lr:0.01|do:0.0|h:64,0.0546,0.0504,3.25
tune,0.05_0.35,1,lr:0.001|do:0.5|h:128,0.0702,0.0583,3.94
mcdepth,0.05_0.35,1,mc_d3,0.0,0.0,9.81
tune,0.05_0.35,1,lr:0.01|do:0.5|h:64,0.0609,0.0557,3.17
tune,0.05_0.35,1,lr:0.01|do:0.0|h:128,0.0927,0.0825,3.99
tune,0.05_0.35,1,lr:0.01|do:0.5|h:128,0.0633,0.0543,3.91
depth,0.05_0.35,2,d2,0.0625,0.0551,4.39
depth,0.05_0.35,2,d3,0.0697,0.0635,5.71
tune,0.05_0.35,2,lr:0.001|do:0.0|h:64,0.1169,0.1103,3.17
mcdepth,0.05_0.35,2,mc_d2,0.0,0.0,6.92
tune,0.05_0.35,2,lr:0.001|do:0.0|h:128,0.103,0.0972,3.84
tune,0.05_0.35,2,lr:0.01|do:0.0|h:64,0.084,0.0761,3.2
tune,0.05_0.35,2,lr:0.001|do:0.5|h:128,0.0733,0.0582,3.85
mcdepth,0.05_0.35,2,mc_d3,0.0087,0.0005,9.63
tune,0.05_0.35,2,lr:0.01|do:0.0|h:128,0.0661,0.0596,4.02
tune,0.05_0.35,2,lr:0.01|do:0.5|h:64,0.0977,0.0947,3.16
tune,0.05_0.35,2,lr:0.01|do:0.5|h:128,0.0432,0.0371,3.87
depth,0.05_0.35,3,d2,0.0773,0.0617,4.45
tune,0.05_0.35,3,lr:0.001|do:0.0|h:64,0.1578,0.1457,3.19
depth,0.05_0.35,3,d3,0.0534,0.0454,6.07
mcdepth,0.05_0.35,3,mc_d2,0.0035,-0.0008,7.19
tune,0.05_0.35,3,lr:0.001|do:0.0|h:128,0.1975,0.1902,3.96
tune,0.05_0.35,3,lr:0.01|do:0.0|h:64,0.1057,0.0948,3.24
tune,0.05_0.35,3,lr:0.001|do:0.5|h:128,0.1428,0.1408,4.01
mcdepth,0.05_0.35,3,mc_d3,0.0701,0.0609,9.93
tune,0.05_0.35,3,lr:0.01|do:0.5|h:64,0.0751,0.0699,3.21
tune,0.05_0.35,3,lr:0.01|do:0.0|h:128,0.1346,0.1376,4.04
tune,0.05_0.35,3,lr:0.01|do:0.5|h:128,0.0895,0.0865,3.85
depth,0.05_0.35,4,d2,0.0867,0.0805,4.53
tune,0.05_0.35,4,lr:0.001|do:0.0|h:64,0.1089,0.101,3.12
depth,0.05_0.35,4,d3,0.0638,0.0579,5.86
mcdepth,0.05_0.35,4,mc_d2,0.0,0.0,7.29
tune,0.05_0.35,4,lr:0.001|do:0.0|h:128,0.1533,0.1459,3.99
tune,0.05_0.35,4,lr:0.01|do:0.0|h:64,0.0846,0.0759,3.2
tune,0.05_0.35,4,lr:0.001|do:0.5|h:128,0.0992,0.0904,3.99
mcdepth,0.05_0.35,4,mc_d3,0.004,0.0,9.87
tune,0.05_0.35,4,lr:0.01|do:0.0|h:128,0.1058,0.0988,4.06
tune,0.05_0.35,4,lr:0.01|do:0.5|h:64,0.0816,0.0709,3.14
tune,0.05_0.35,4,lr:0.01|do:0.5|h:128,0.0788,0.0737,3.87
depth,0.05_0.5,0,d2,0.1283,0.1159,4.55
tune,0.05_0.5,0,lr:0.001|do:0.0|h:64,0.1549,0.1357,3.22
depth,0.05_0.5,0,d3,0.102,0.0905,6.18
mcdepth,0.05_0.5,0,mc_d2,0.0,0.0,7.26
tune,0.05_0.5,0,lr:0.001|do:0.0|h:128,0.2264,0.2339,3.95
tune,0.05_0.5,0,lr:0.01|do:0.0|h:64,0.1236,0.1074,3.27
tune,0.05_0.5,0,lr:0.001|do:0.5|h:128,0.2057,0.2061,3.98
mcdepth,0.05_0.5,0,mc_d3,0.0241,0.0132,9.87
tune,0.05_0.5,0,lr:0.01|do:0.5|h:64,0.126,0.1267,3.32
tune,0.05_0.5,0,lr:0.01|do:0.0|h:128,0.1376,0.1348,4.18
tune,0.05_0.5,0,lr:0.01|do:0.5|h:128,0.1271,0.125,3.83
depth,0.05_0.5,1,d2,0.1473,0.1388,4.43
tune,0.05_0.5,1,lr:0.001|do:0.0|h:64,0.1488,0.1445,3.1
depth,0.05_0.5,1,d3,0.1218,0.1089,5.83
mcdepth,0.05_0.5,1,mc_d2,0.0,0.0,7.12
tune,0.05_0.5,1,lr:0.001|do:0.0|h:128,0.1933,0.1757,3.86
tune,0.05_0.5,1,lr:0.01|do:0.0|h:64,0.1111,0.1032,3.21
tune,0.05_0.5,1,lr:0.001|do:0.5|h:128,0.1467,0.1306,3.98
mcdepth,0.05_0.5,1,mc_d3,0.0,0.0,9.88
tune,0.05_0.5,1,lr:0.01|do:0.5|h:64,0.0998,0.0927,3.28
tune,0.05_0.5,1,lr:0.01|do:0.0|h:128,0.1909,0.1776,4.19
tune,0.05_0.5,1,lr:0.01|do:0.5|h:128,0.115,0.1066,3.99
depth,0.05_0.5,2,d2,0.1411,0.1308,4.59
tune,0.05_0.5,2,lr:0.001|do:0.0|h:64,0.1619,0.1528,3.15
depth,0.05_0.5,2,d3,0.1393,0.123,5.7
mcdepth,0.05_0.5,2,mc_d2,0.002,0.0,7.14
tune,0.05_0.5,2,lr:0.001|do:0.0|h:128,0.1946,0.1914,3.87
tune,0.05_0.5,2,lr:0.01|do:0.0|h:64,0.146,0.1274,3.1
tune,0.05_0.5,2,lr:0.001|do:0.5|h:128,0.1825,0.1838,3.85
mcdepth,0.05_0.5,2,mc_d3,0.0175,0.0111,9.63
tune,0.05_0.5,2,lr:0.01|do:0.0|h:128,0.1475,0.1392,4.04
tune,0.05_0.5,2,lr:0.01|do:0.5|h:64,0.1228,0.1195,3.17
tune,0.05_0.5,2,lr:0.01|do:0.5|h:128,0.0896,0.0851,3.88
depth,0.05_0.5,3,d2,0.1295,0.1014,4.54
tune,0.05_0.5,3,lr:0.001|do:0.0|h:64,0.2257,0.2347,3.17
depth,0.05_0.5,3,d3,0.0924,0.0796,6.03
mcdepth,0.05_0.5,3,mc_d2,0.0052,-0.0003,7.1
tune,0.05_0.5,3,lr:0.001|do:0.0|h:128,0.2524,0.2721,3.89
tune,0.05_0.5,3,lr:0.001|do:0.5|h:128,0.2272,0.2303,3.87
tune,0.05_0.5,3,lr:0.01|do:0.0|h:64,0.1349,0.131,3.23
mcdepth,0.05_0.5,3,mc_d3,0.1318,0.1156,9.74
tune,0.05_0.5,3,lr:0.01|do:0.0|h:128,0.2053,0.213,4.09
tune,0.05_0.5,3,lr:0.01|do:0.5|h:64,0.1608,0.1516,3.22
tune,0.05_0.5,3,lr:0.01|do:0.5|h:128,0.1366,0.137,3.96
depth,0.05_0.5,4,d2,0.1652,0.1534,4.63
depth,0.05_0.5,4,d3,0.1146,0.109,5.94
tune,0.05_0.5,4,lr:0.001|do:0.0|h:64,0.2307,0.2133,3.22
mcdepth,0.05_0.5,4,mc_d2,0.0,0.0,7.28
tune,0.05_0.5,4,lr:0.001|do:0.0|h:128,0.2238,0.1891,3.87
tune,0.05_0.5,4,lr:0.01|do:0.0|h:64,0.1506,0.1388,3.17
tune,0.05_0.5,4,lr:0.001|do:0.5|h:128,0.1985,0.1852,3.92
mcdepth,0.05_0.5,4,mc_d3,0.0,0.0,9.82
tune,0.05_0.5,4,lr:0.01|do:0.5|h:64,0.145,0.1255,3.11
tune,0.05_0.5,4,lr:0.01|do:0.0|h:128,0.1325,0.1193,4.02
tune,0.05_0.5,4,lr:0.01|do:0.5|h:128,0.1315,0.1221,3.89
depth,0.05_0.65,0,d2,0.2387,0.2258,4.56
tune,0.05_0.65,0,lr:0.001|do:0.0|h:64,0.2441,0.2417,3.12
depth,0.05_0.65,0,d3,0.1598,0.1426,5.75
mcdepth,0.05_0.65,0,mc_d2,0.0,0.0,7.11
tune,0.05_0.65,0,lr:0.001|do:0.0|h:128,0.2384,0.2542,3.73
tune,0.05_0.65,0,lr:0.01|do:0.0|h:64,0.2014,0.1976,2.99
tune,0.05_0.65,0,lr:0.001|do:0.5|h:128,0.2429,0.2512,3.7
mcdepth,0.05_0.65,0,mc_d3,0.0,0.0,9.65
tune,0.05_0.65,0,lr:0.01|do:0.0|h:128,0.2018,0.2048,3.89
tune,0.05_0.65,0,lr:0.01|do:0.5|h:64,0.1572,0.1547,3.01
tune,0.05_0.65,0,lr:0.01|do:0.5|h:128,0.1773,0.1873,3.66
depth,0.05_0.65,1,d2,0.1772,0.1551,4.27
tune,0.05_0.65,1,lr:0.001|do:0.0|h:64,0.2193,0.2144,3.04
depth,0.05_0.65,1,d3,0.1713,0.1596,6.04
mcdepth,0.05_0.65,1,mc_d2,0.0,0.0,7.04
tune,0.05_0.65,1,lr:0.001|do:0.0|h:128,0.2333,0.2088,3.73
tune,0.05_0.65,1,lr:0.001|do:0.5|h:128,0.1843,0.1607,3.71
tune,0.05_0.65,1,lr:0.01|do:0.0|h:64,0.1267,0.1185,3.25
mcdepth,0.05_0.65,1,mc_d3,0.0,0.0,9.42
tune,0.05_0.65,1,lr:0.01|do:0.5|h:64,0.1427,0.1417,3.01
tune,0.05_0.65,1,lr:0.01|do:0.0|h:128,0.1538,0.1423,3.97
tune,0.05_0.65,1,lr:0.01|do:0.5|h:128,0.1728,0.1593,3.68
depth,0.05_0.65,2,d2,0.2076,0.1948,4.56
depth,0.05_0.65,2,d3,0.1737,0.1557,5.39
tune,0.05_0.65,2,lr:0.001|do:0.0|h:64,0.1973,0.1892,2.94
mcdepth,0.05_0.65,2,mc_d2,0.004,0.0,6.72
tune,0.05_0.65,2,lr:0.001|do:0.0|h:128,0.2607,0.2524,3.85
tune,0.05_0.65,2,lr:0.01|do:0.0|h:64,0.1672,0.1428,2.94
tune,0.05_0.65,2,lr:0.001|do:0.5|h:128,0.2104,0.2026,3.66
mcdepth,0.05_0.65,2,mc_d3,0.0407,0.0213,9.41
tune,0.05_0.65,2,lr:0.01|do:0.0|h:128,0.2011,0.2001,3.84
tune,0.05_0.65,2,lr:0.01|do:0.5|h:64,0.133,0.1294,3.21
tune,0.05_0.65,2,lr:0.01|do:0.5|h:128,0.1417,0.1366,3.7
depth,0.05_0.65,3,d2,0.1916,0.1516,4.29
tune,0.05_0.65,3,lr:0.001|do:0.0|h:64,0.2971,0.306,3.0
depth,0.05_0.65,3,d3,0.2189,0.1847,5.68
mcdepth,0.05_0.65,3,mc_d2,0.0031,0.0,6.94
tune,0.05_0.65,3,lr:0.001|do:0.0|h:128,0.308,0.3127,3.68
tune,0.05_0.65,3,lr:0.001|do:0.5|h:128,0.3011,0.3066,3.66
tune,0.05_0.65,3,lr:0.01|do:0.0|h:64,0.1979,0.2061,3.04
tune,0.05_0.65,3,lr:0.01|do:0.5|h:64,0.1844,0.184,2.98
mcdepth,0.05_0.65,3,mc_d3,0.2111,0.2102,9.49
tune,0.05_0.65,3,lr:0.01|do:0.0|h:128,0.2119,0.2145,3.95
tune,0.05_0.65,3,lr:0.01|do:0.5|h:128,0.2313,0.2485,3.7
depth,0.05_0.65,4,d2,0.2495,0.2169,4.5
tune,0.05_0.65,4,lr:0.001|do:0.0|h:64,0.231,0.2041,3.07
depth,0.05_0.65,4,d3,0.2178,0.2079,5.95
mcdepth,0.05_0.65,4,mc_d2,0.0,0.0,6.8
tune,0.05_0.65,4,lr:0.001|do:0.0|h:128,0.2652,0.2236,3.82
tune,0.05_0.65,4,lr:0.001|do:0.5|h:128,0.2599,0.2328,3.7
tune,0.05_0.65,4,lr:0.01|do:0.0|h:64,0.2025,0.1846,3.25
tune,0.05_0.65,4,lr:0.01|do:0.5|h:64,0.1763,0.1607,3.14
mcdepth,0.05_0.65,4,mc_d3,0.0,0.0,9.65
tune,0.05_0.65,4,lr:0.01|do:0.0|h:128,0.217,0.2106,3.84
tune,0.05_0.65,4,lr:0.01|do:0.5|h:128,0.2271,0.2286,3.81
depth,0.05_0.8,0,d2,0.231,0.2032,4.73
tune,0.05_0.8,0,lr:0.001|do:0.0|h:64,0.3132,0.3189,3.0
depth,0.05_0.8,0,d3,0.2171,0.2038,6.07
mcdepth,0.05_0.8,0,mc_d2,0.0,0.0,6.84
tune,0.05_0.8,0,lr:0.001|do:0.0|h:128,0.2686,0.2867,3.92
tune,0.05_0.8,0,lr:0.001|do:0.5|h:128,0.3389,0.3613,3.73
tune,0.05_0.8,0,lr:0.01|do:0.0|h:64,0.2014,0.2056,3.29
mcdepth,0.05_0.8,0,mc_d3,0.0,0.0,9.47
tune,0.05_0.8,0,lr:0.01|do:0.0|h:128,0.2193,0.2253,3.9
tune,0.05_0.8,0,lr:0.01|do:0.5|h:64,0.2274,0.232,3.28
tune,0.05_0.8,0,lr:0.01|do:0.5|h:128,0.2311,0.238,3.65
depth,0.05_0.8,1,d2,0.2442,0.2123,4.56
tune,0.05_0.8,1,lr:0.001|do:0.0|h:64,0.2269,0.229,2.93
mcdepth,0.05_0.8,1,mc_d2,0.0,0.0,6.85
depth,0.05_0.8,1,d3,0.2187,0.2075,5.78
tune,0.05_0.8,1,lr:0.001|do:0.0|h:128,0.2202,0.1963,3.92
tune,0.05_0.8,1,lr:0.001|do:0.5|h:128,0.2599,0.224,3.69
tune,0.05_0.8,1,lr:0.01|do:0.0|h:64,0.1536,0.1459,3.16
tune,0.05_0.8,1,lr:0.01|do:0.0|h:128,0.2068,0.1849,3.81
mcdepth,0.05_0.8,1,mc_d3,0.004,0.0,9.41
tune,0.05_0.8,1,lr:0.01|do:0.5|h:64,0.1587,0.1573,3.21
tune,0.05_0.8,1,lr:0.01|do:0.5|h:128,0.1938,0.198,3.7
depth,0.05_0.8,2,d2,0.2224,0.1822,4.51
tune,0.05_0.8,2,lr:0.001|do:0.0|h:64,0.2386,0.2568,3.01
depth,0.05_0.8,2,d3,0.2121,0.1797,5.8
mcdepth,0.05_0.8,2,mc_d2,0.0,0.0,6.76
tune,0.05_0.8,2,lr:0.001|do:0.0|h:128,0.2844,0.2593,3.91
tune,0.05_0.8,2,lr:0.01|do:0.0|h:64,0.1645,0.1487,3.24
tune,0.05_0.8,2,lr:0.001|do:0.5|h:128,0.255,0.2418,3.77
mcdepth,0.05_0.8,2,mc_d3,0.0355,0.0141,9.54
tune,0.05_0.8,2,lr:0.01|do:0.0|h:128,0.1972,0.1886,3.88
tune,0.05_0.8,2,lr:0.01|do:0.5|h:64,0.2144,0.2268,3.18
tune,0.05_0.8,2,lr:0.01|do:0.5|h:128,0.2271,0.2441,3.89
depth,0.05_0.8,3,d2,0.2185,0.1715,4.22
tune,0.05_0.8,3,lr:0.001|do:0.0|h:64,0.2914,0.2972,3.26
depth,0.05_0.8,3,d3,0.3172,0.2651,5.93
mcdepth,0.05_0.8,3,mc_d2,0.002,-0.0,7.03
tune,0.05_0.8,3,lr:0.001|do:0.0|h:128,0.2948,0.324,3.76
tune,0.05_0.8,3,lr:0.01|do:0.0|h:64,0.1942,0.1945,3.23
tune,0.05_0.8,3,lr:0.001|do:0.5|h:128,0.2906,0.296,3.92
mcdepth,0.05_0.8,3,mc_d3,0.0221,0.0013,9.58
tune,0.05_0.8,3,lr:0.01|do:0.5|h:64,0.189,0.182,3.0
tune,0.05_0.8,3,lr:0.01|do:0.0|h:128,0.2283,0.2449,3.91
tune,0.05_0.8,3,lr:0.01|do:0.5|h:128,0.2657,0.2899,3.95
depth,0.05_0.8,4,d2,0.2774,0.221,4.75
depth,0.05_0.8,4,d3,0.2277,0.2125,5.76
tune,0.05_0.8,4,lr:0.001|do:0.0|h:64,0.2834,0.2379,3.3
mcdepth,0.05_0.8,4,mc_d2,0.0,0.0,7.12
tune,0.05_0.8,4,lr:0.001|do:0.0|h:128,0.3683,0.2944,3.89
tune,0.05_0.8,4,lr:0.001|do:0.5|h:128,0.324,0.2901,3.7
tune,0.05_0.8,4,lr:0.01|do:0.0|h:64,0.221,0.1978,3.2
mcdepth,0.05_0.8,4,mc_d3,0.0,0.0,9.77
tune,0.05_0.8,4,lr:0.01|do:0.0|h:128,0.251,0.2336,3.9
tune,0.05_0.8,4,lr:0.01|do:0.5|h:64,0.2163,0.2067,3.16
tune,0.05_0.8,4,lr:0.01|do:0.5|h:128,0.2404,0.2432,3.68
depth,0.05_1.0,0,d2,0.3076,0.2575,4.51
tune,0.05_1.0,0,lr:0.001|do:0.0|h:64,0.2976,0.2983,3.14
depth,0.05_1.0,0,d3,0.2737,0.2255,6.07
mcdepth,0.05_1.0,0,mc_d2,0.0,0.0,7.05
tune,0.05_1.0,0,lr:0.001|do:0.0|h:128,0.307,0.3062,4.05
tune,0.05_1.0,0,lr:0.01|do:0.0|h:64,0.2367,0.2452,3.31
tune,0.05_1.0,0,lr:0.001|do:0.5|h:128,0.3255,0.3497,3.78
mcdepth,0.05_1.0,0,mc_d3,0.0,0.0,9.55
tune,0.05_1.0,0,lr:0.01|do:0.0|h:128,0.2571,0.2752,3.92
tune,0.05_1.0,0,lr:0.01|do:0.5|h:64,0.2177,0.2237,3.18
tune,0.05_1.0,0,lr:0.01|do:0.5|h:128,0.1945,0.1964,3.93
depth,0.05_1.0,1,d2,0.2962,0.2317,4.3
depth,0.05_1.0,1,d3,0.233,0.2129,5.99
tune,0.05_1.0,1,lr:0.001|do:0.0|h:64,0.2556,0.2493,3.22
mcdepth,0.05_1.0,1,mc_d2,0.0,0.0,6.94
tune,0.05_1.0,1,lr:0.001|do:0.0|h:128,0.2943,0.2389,3.77
tune,0.05_1.0,1,lr:0.01|do:0.0|h:64,0.2317,0.2419,3.39
mcdepth,0.05_1.0,1,mc_d3,0.009,0.0031,9.61
tune,0.05_1.0,1,lr:0.001|do:0.5|h:128,0.3114,0.257,4.18
tune,0.05_1.0,1,lr:0.01|do:0.5|h:64,0.2846,0.3124,3.21
tune,0.05_1.0,1,lr:0.01|do:0.0|h:128,0.2153,0.1972,4.1
tune,0.05_1.0,1,lr:0.01|do:0.5|h:128,0.2607,0.2746,4.23
depth,0.05_1.0,2,d2,0.3223,0.2572,4.87
depth,0.05_1.0,2,d3,0.2745,0.2191,5.77
tune,0.05_1.0,2,lr:0.001|do:0.0|h:64,0.2804,0.2876,3.32
mcdepth,0.05_1.0,2,mc_d2,0.0,0.0,7.14
tune,0.05_1.0,2,lr:0.001|do:0.0|h:128,0.2945,0.2692,3.88
tune,0.05_1.0,2,lr:0.001|do:0.5|h:128,0.3018,0.2897,3.75
tune,0.05_1.0,2,lr:0.01|do:0.0|h:64,0.1993,0.1939,3.28
mcdepth,0.05_1.0,2,mc_d3,0.0293,0.0012,9.7
tune,0.05_1.0,2,lr:0.01|do:0.0|h:128,0.2187,0.2164,4.08
tune,0.05_1.0,2,lr:0.01|do:0.5|h:64,0.2539,0.2724,3.4
tune,0.05_1.0,2,lr:0.01|do:0.5|h:128,0.2139,0.2161,3.87
depth,0.05_1.0,3,d2,0.2413,0.1947,4.88
tune,0.05_1.0,3,lr:0.001|do:0.0|h:64,0.3429,0.32,3.18
depth,0.05_1.0,3,d3,0.3533,0.2811,6.24
mcdepth,0.05_1.0,3,mc_d2,0.0,0.0,7.22
tune,0.05_1.0,3,lr:0.001|do:0.0|h:128,0.3306,0.3387,3.95
tune,0.05_1.0,3,lr:0.001|do:0.5|h:128,0.4761,0.4623,3.73
tune,0.05_1.0,3,lr:0.01|do:0.0|h:64,0.2365,0.2451,3.22
mcdepth,0.05_1.0,3,mc_d3,0.0,0.0,9.73
tune,0.05_1.0,3,lr:0.01|do:0.0|h:128,0.2737,0.2956,3.87
tune,0.05_1.0,3,lr:0.01|do:0.5|h:64,0.2845,0.3087,3.24
tune,0.05_1.0,3,lr:0.01|do:0.5|h:128,0.3028,0.3336,3.83
depth,0.05_1.0,4,d2,0.2917,0.2357,4.89
depth,0.05_1.0,4,d3,0.2656,0.214,6.06
tune,0.05_1.0,4,lr:0.001|do:0.0|h:64,0.3574,0.2898,3.13
mcdepth,0.05_1.0,4,mc_d2,0.0,0.0,7.22
tune,0.05_1.0,4,lr:0.001|do:0.0|h:128,0.3772,0.3045,3.93
tune,0.05_1.0,4,lr:0.01|do:0.0|h:64,0.3039,0.2522,2.99
tune,0.05_1.0,4,lr:0.001|do:0.5|h:128,0.3625,0.3039,3.78
mcdepth,0.05_1.0,4,mc_d3,0.0,0.0,9.84
tune,0.05_1.0,4,lr:0.01|do:0.0|h:128,0.2911,0.2526,3.94
tune,0.05_1.0,4,lr:0.01|do:0.5|h:64,0.234,0.2193,3.16
tune,0.05_1.0,4,lr:0.01|do:0.5|h:128,0.2498,0.2302,3.67
depth,0.05_1.5,0,d2,0.3684,0.297,4.37
tune,0.05_1.5,0,lr:0.001|do:0.0|h:64,0.3551,0.3361,3.03
depth,0.05_1.5,0,d3,0.3154,0.2384,6.0
mcdepth,0.05_1.5,0,mc_d2,0.0,0.0,6.95
tune,0.05_1.5,0,lr:0.001|do:0.0|h:128,0.3445,0.3216,3.74
tune,0.05_1.5,0,lr:0.001|do:0.5|h:128,0.5503,0.5688,3.68
tune,0.05_1.5,0,lr:0.01|do:0.0|h:64,0.2946,0.3143,3.24
mcdepth,0.05_1.5,0,mc_d3,0.0,0.0,9.57
tune,0.05_1.5,0,lr:0.01|do:0.5|h:64,0.2881,0.3057,3.07
tune,0.05_1.5,0,lr:0.01|do:0.0|h:128,0.2869,0.303,3.91
tune,0.05_1.5,0,lr:0.01|do:0.5|h:128,0.3131,0.3378,3.68
depth,0.05_1.5,1,d2,0.3602,0.2791,4.58
tune,0.05_1.5,1,lr:0.001|do:0.0|h:64,0.3899,0.3293,2.98
depth,0.05_1.5,1,d3,0.3053,0.2705,5.66
mcdepth,0.05_1.5,1,mc_d2,0.0,0.0,7.02
tune,0.05_1.5,1,lr:0.001|do:0.0|h:128,0.3463,0.2733,3.97
tune,0.05_1.5,1,lr:0.001|do:0.5|h:128,0.4998,0.4258,3.71
tune,0.05_1.5,1,lr:0.01|do:0.0|h:64,0.2926,0.2771,3.09
mcdepth,0.05_1.5,1,mc_d3,0.0,0.0,9.62
tune,0.05_1.5,1,lr:0.01|do:0.0|h:128,0.3077,0.3302,3.94
tune,0.05_1.5,1,lr:0.01|do:0.5|h:64,0.312,0.3441,3.22
tune,0.05_1.5,1,lr:0.01|do:0.5|h:128,0.2798,0.3045,3.7
depth,0.05_1.5,2,d2,0.3701,0.3036,4.34
tune,0.05_1.5,2,lr:0.001|do:0.0|h:64,0.3659,0.3063,3.02
depth,0.05_1.5,2,d3,0.3421,0.2489,5.99
tune,0.05_1.5,2,lr:0.001|do:0.0|h:128,0.328,0.2851,3.75
mcdepth,0.05_1.5,2,mc_d2,0.0,0.0,6.92
tune,0.05_1.5,2,lr:0.001|do:0.5|h:128,0.6861,0.692,3.65
tune,0.05_1.5,2,lr:0.01|do:0.0|h:64,0.349,0.3064,3.2
tune,0.05_1.5,2,lr:0.01|do:0.5|h:64,0.3173,0.3433,3.22
mcdepth,0.05_1.5,2,mc_d3,0.0,0.0,9.55
tune,0.05_1.5,2,lr:0.01|do:0.0|h:128,0.2811,0.303,3.73
tune,0.05_1.5,2,lr:0.01|do:0.5|h:128,0.3094,0.3352,3.67
depth,0.05_1.5,3,d2,0.3669,0.2854,4.68
tune,0.05_1.5,3,lr:0.001|do:0.0|h:64,0.4349,0.3745,3.16
depth,0.05_1.5,3,d3,0.3855,0.3096,6.16
mcdepth,0.05_1.5,3,mc_d2,0.0,0.0,7.09
tune,0.05_1.5,3,lr:0.001|do:0.0|h:128,0.3832,0.3193,4.1
tune,0.05_1.5,3,lr:0.001|do:0.5|h:128,0.6763,0.6491,3.78
tune,0.05_1.5,3,lr:0.01|do:0.0|h:64,0.3137,0.3383,3.3
mcdepth,0.05_1.5,3,mc_d3,0.0,0.0,9.52
tune,0.05_1.5,3,lr:0.01|do:0.0|h:128,0.3705,0.3952,3.94
tune,0.05_1.5,3,lr:0.01|do:0.5|h:64,0.3719,0.3854,3.26
tune,0.05_1.5,3,lr:0.01|do:0.5|h:128,0.3634,0.3973,3.73
depth,0.05_1.5,4,d2,0.3503,0.2972,4.56
tune,0.05_1.5,4,lr:0.001|do:0.0|h:64,0.4111,0.3183,2.9
mcdepth,0.05_1.5,4,mc_d2,0.0,0.0,6.73
depth,0.05_1.5,4,d3,0.3293,0.2438,5.88
tune,0.05_1.5,4,lr:0.001|do:0.0|h:128,0.4071,0.3056,3.62
tune,0.05_1.5,4,lr:0.001|do:0.5|h:128,0.5191,0.4481,3.38
tune,0.05_1.5,4,lr:0.01|do:0.0|h:64,0.3408,0.2736,2.88
tune,0.05_1.5,4,lr:0.01|do:0.0|h:128,0.5154,0.4821,3.59
mcdepth,0.05_1.5,4,mc_d3,0.0,0.0,9.15
tune,0.05_1.5,4,lr:0.01|do:0.5|h:64,0.2819,0.2473,2.95
tune,0.05_1.5,4,lr:0.01|do:0.5|h:128,0.2839,0.3096,3.48
depth,0.2_0.0,0,d2,0.0189,0.0135,4.33
tune,0.2_0.0,0,lr:0.001|do:0.0|h:64,0.0075,0.0041,3.11
depth,0.2_0.0,0,d3,0.0082,0.0046,5.92
mcdepth,0.2_0.0,0,mc_d2,0.0,0.0,6.76
tune,0.2_0.0,0,lr:0.001|do:0.0|h:128,0.0073,0.0038,3.87
tune,0.2_0.0,0,lr:0.001|do:0.5|h:128,0.0092,0.0054,3.77
tune,0.2_0.0,0,lr:0.01|do:0.0|h:64,0.0101,0.0065,3.1
mcdepth,0.2_0.0,0,mc_d3,0.0009,-0.001,9.4
tune,0.2_0.0,0,lr:0.01|do:0.5|h:64,0.0047,0.0014,3.18
tune,0.2_0.0,0,lr:0.01|do:0.0|h:128,0.01,0.0062,3.93
tune,0.2_0.0,0,lr:0.01|do:0.5|h:128,0.0049,0.0016,3.97
depth,0.2_0.0,1,d2,0.0025,-0.0007,4.58
depth,0.2_0.0,1,d3,0.0068,0.0034,6.25
tune,0.2_0.0,1,lr:0.001|do:0.0|h:64,0.0022,-0.001,3.45
mcdepth,0.2_0.0,1,mc_d2,0.0,0.0,7.63
tune,0.2_0.0,1,lr:0.001|do:0.0|h:128,0.0081,0.0044,4.12
tune,0.2_0.0,1,lr:0.01|do:0.0|h:64,0.0024,-0.0007,3.16
tune,0.2_0.0,1,lr:0.001|do:0.5|h:128,0.0032,-0.0002,4.0
mcdepth,0.2_0.0,1,mc_d3,0.0,0.0,10.22
tune,0.2_0.0,1,lr:0.01|do:0.5|h:64,0.0038,0.0005,3.23
tune,0.2_0.0,1,lr:0.01|do:0.0|h:128,0.0085,0.0048,4.16
tune,0.2_0.0,1,lr:0.01|do:0.5|h:128,0.0024,-0.0008,4.03
depth,0.2_0.0,2,d2,0.0039,0.0005,4.71
tune,0.2_0.0,2,lr:0.001|do:0.0|h:64,0.0018,-0.0013,3.28
depth,0.2_0.0,2,d3,0.0121,0.0086,5.9
mcdepth,0.2_0.0,2,mc_d2,0.0,0.0,7.4
tune,0.2_0.0,2,lr:0.001|do:0.0|h:128,0.002,-0.0012,4.17
tune,0.2_0.0,2,lr:0.01|do:0.0|h:64,0.0042,0.0009,3.3
tune,0.2_0.0,2,lr:0.001|do:0.5|h:128,0.0109,0.0072,4.07
mcdepth,0.2_0.0,2,mc_d3,0.005,-0.0003,10.05
tune,0.2_0.0,2,lr:0.01|do:0.0|h:128,0.0035,0.0003,4.06
tune,0.2_0.0,2,lr:0.01|do:0.5|h:64,0.0057,0.0021,3.29
tune,0.2_0.0,2,lr:0.01|do:0.5|h:128,0.0092,0.0055,3.93
depth,0.2_0.0,3,d2,0.0028,-0.0004,4.52
tune,0.2_0.0,3,lr:0.001|do:0.0|h:64,0.0044,0.0011,3.24
depth,0.2_0.0,3,d3,0.0048,0.0011,6.13
mcdepth,0.2_0.0,3,mc_d2,0.0,0.0,7.44
tune,0.2_0.0,3,lr:0.001|do:0.0|h:128,0.004,0.0007,4.08
tune,0.2_0.0,3,lr:0.01|do:0.0|h:64,0.0071,0.0037,3.39
tune,0.2_0.0,3,lr:0.001|do:0.5|h:128,0.0116,0.0076,4.1
mcdepth,0.2_0.0,3,mc_d3,0.0019,-0.0,10.16
tune,0.2_0.0,3,lr:0.01|do:0.5|h:64,0.0074,0.004,3.34
tune,0.2_0.0,3,lr:0.01|do:0.0|h:128,0.0049,0.0015,4.33
tune,0.2_0.0,3,lr:0.01|do:0.5|h:128,0.0022,-0.001,4.01
depth,0.2_0.0,4,d2,0.004,0.0008,4.61
tune,0.2_0.0,4,lr:0.001|do:0.0|h:64,0.0045,0.0011,3.38
depth,0.2_0.0,4,d3,0.004,0.0007,6.0
mcdepth,0.2_0.0,4,mc_d2,0.0,0.0,7.52
tune,0.2_0.0,4,lr:0.001|do:0.0|h:128,0.0112,0.0071,4.07
tune,0.2_0.0,4,lr:0.01|do:0.0|h:64,0.0062,0.0027,3.17
tune,0.2_0.0,4,lr:0.001|do:0.5|h:128,0.0072,0.0035,3.98
mcdepth,0.2_0.0,4,mc_d3,0.0,0.0,10.13
tune,0.2_0.0,4,lr:0.01|do:0.5|h:64,0.0072,0.0037,3.18
tune,0.2_0.0,4,lr:0.01|do:0.0|h:128,0.0096,0.0057,4.17
tune,0.2_0.0,4,lr:0.01|do:0.5|h:128,0.0037,0.0004,4.03
depth,0.2_0.2,0,d2,0.0372,0.0263,4.72
tune,0.2_0.2,0,lr:0.001|do:0.0|h:64,0.1071,0.1051,3.4
depth,0.2_0.2,0,d3,0.0629,0.0611,6.14
mcdepth,0.2_0.2,0,mc_d2,0.0,0.0,7.58
tune,0.2_0.2,0,lr:0.001|do:0.0|h:128,0.1067,0.0998,4.13
tune,0.2_0.2,0,lr:0.01|do:0.0|h:64,0.0763,0.0712,3.18
tune,0.2_0.2,0,lr:0.001|do:0.5|h:128,0.1031,0.0976,3.94
mcdepth,0.2_0.2,0,mc_d3,0.0469,0.0411,10.26
tune,0.2_0.2,0,lr:0.01|do:0.0|h:128,0.0757,0.0682,3.98
tune,0.2_0.2,0,lr:0.01|do:0.5|h:64,0.0673,0.061,3.2
tune,0.2_0.2,0,lr:0.01|do:0.5|h:128,0.0927,0.09,3.78
depth,0.2_0.2,1,d2,0.1225,0.1233,4.43
tune,0.2_0.2,1,lr:0.001|do:0.0|h:64,0.0913,0.08,3.09
depth,0.2_0.2,1,d3,0.1255,0.1148,6.32
mcdepth,0.2_0.2,1,mc_d2,0.0,0.0,7.4
tune,0.2_0.2,1,lr:0.001|do:0.0|h:128,0.0513,0.044,4.05
tune,0.2_0.2,1,lr:0.001|do:0.5|h:128,0.0912,0.0797,3.99
tune,0.2_0.2,1,lr:0.01|do:0.0|h:64,0.0736,0.0639,3.39
mcdepth,0.2_0.2,1,mc_d3,0.0,0.0,9.87
tune,0.2_0.2,1,lr:0.01|do:0.5|h:64,0.0765,0.0709,3.26
tune,0.2_0.2,1,lr:0.01|do:0.0|h:128,0.0498,0.0428,4.25
tune,0.2_0.2,1,lr:0.01|do:0.5|h:128,0.1247,0.1169,4.15
depth,0.2_0.2,2,d2,0.0762,0.0655,5.18
tune,0.2_0.2,2,lr:0.001|do:0.0|h:64,0.0838,0.0786,3.19
depth,0.2_0.2,2,d3,0.0617,0.057,6.22
mcdepth,0.2_0.2,2,mc_d2,0.0,0.0,7.55
tune,0.2_0.2,2,lr:0.001|do:0.0|h:128,0.0629,0.0493,4.3
tune,0.2_0.2,2,lr:0.01|do:0.0|h:64,0.0753,0.0655,3.34
tune,0.2_0.2,2,lr:0.001|do:0.5|h:128,0.095,0.0897,4.06
mcdepth,0.2_0.2,2,mc_d3,0.0625,0.0585,10.22
tune,0.2_0.2,2,lr:0.01|do:0.0|h:128,0.058,0.047,4.03
tune,0.2_0.2,2,lr:0.01|do:0.5|h:64,0.0827,0.0758,3.17
tune,0.2_0.2,2,lr:0.01|do:0.5|h:128,0.0594,0.0525,4.01
depth,0.2_0.2,3,d2,0.1408,0.1337,4.76
tune,0.2_0.2,3,lr:0.001|do:0.0|h:64,0.2203,0.227,3.41
depth,0.2_0.2,3,d3,0.1774,0.1705,6.42
mcdepth,0.2_0.2,3,mc_d2,0.002,0.0,7.58
tune,0.2_0.2,3,lr:0.001|do:0.0|h:128,0.22,0.226,4.56
tune,0.2_0.2,3,lr:0.01|do:0.0|h:64,0.174,0.17,3.18
tune,0.2_0.2,3,lr:0.001|do:0.5|h:128,0.2429,0.2534,3.85
mcdepth,0.2_0.2,3,mc_d3,0.0376,0.0245,10.19
tune,0.2_0.2,3,lr:0.01|do:0.5|h:64,0.2431,0.2638,3.16
tune,0.2_0.2,3,lr:0.01|do:0.0|h:128,0.1735,0.1721,4.04
tune,0.2_0.2,3,lr:0.01|do:0.5|h:128,0.2308,0.2489,3.92
depth,0.2_0.2,4,d2,0.1154,0.1107,4.49
tune,0.2_0.2,4,lr:0.001|do:0.0|h:64,0.1439,0.1471,3.13
depth,0.2_0.2,4,d3,0.1006,0.1018,5.58
tune,0.2_0.2,4,lr:0.001|do:0.0|h:128,0.1219,0.116,3.79
mcdepth,0.2_0.2,4,mc_d2,0.0,0.0,7.12
tune,0.2_0.2,4,lr:0.01|do:0.0|h:64,0.1033,0.1021,3.04
tune,0.2_0.2,4,lr:0.001|do:0.5|h:128,0.0968,0.0886,3.82
mcdepth,0.2_0.2,4,mc_d3,0.0081,0.0002,9.76
tune,0.2_0.2,4,lr:0.01|do:0.5|h:64,0.1131,0.1123,3.41
tune,0.2_0.2,4,lr:0.01|do:0.0|h:128,0.1247,0.1151,3.8
tune,0.2_0.2,4,lr:0.01|do:0.5|h:128,0.077,0.0707,3.85
depth,0.2_0.35,0,d2,0.3377,0.3451,4.59
tune,0.2_0.35,0,lr:0.001|do:0.0|h:64,0.4542,0.4852,3.07
depth,0.2_0.35,0,d3,0.2737,0.2781,6.23
mcdepth,0.2_0.35,0,mc_d2,0.0,0.0,7.23
tune,0.2_0.35,0,lr:0.001|do:0.0|h:128,0.4004,0.4061,3.93
tune,0.2_0.35,0,lr:0.001|do:0.5|h:128,0.3928,0.4067,3.97
tune,0.2_0.35,0,lr:0.01|do:0.0|h:64,0.4215,0.4528,3.35
mcdepth,0.2_0.35,0,mc_d3,0.1394,0.1306,9.72
tune,0.2_0.35,0,lr:0.01|do:0.5|h:64,0.3943,0.4301,3.23
tune,0.2_0.35,0,lr:0.01|do:0.0|h:128,0.2514,0.2457,4.11
tune,0.2_0.35,0,lr:0.01|do:0.5|h:128,0.2617,0.2783,3.75
depth,0.2_0.35,1,d2,0.5342,0.5887,4.6
tune,0.2_0.35,1,lr:0.001|do:0.0|h:64,0.2845,0.2755,3.05
depth,0.2_0.35,1,d3,0.4555,0.5026,5.81
mcdepth,0.2_0.35,1,mc_d2,0.0,0.0,7.02
tune,0.2_0.35,1,lr:0.001|do:0.0|h:128,0.5523,0.6081,3.91
tune,0.2_0.35,1,lr:0.01|do:0.0|h:64,0.3095,0.2969,3.1
tune,0.2_0.35,1,lr:0.001|do:0.5|h:128,0.5455,0.6003,3.73
tune,0.2_0.35,1,lr:0.01|do:0.0|h:128,0.46,0.5062,3.92
mcdepth,0.2_0.35,1,mc_d3,0.0,0.0,9.84
tune,0.2_0.35,1,lr:0.01|do:0.5|h:64,0.2437,0.2547,3.18
tune,0.2_0.35,1,lr:0.01|do:0.5|h:128,0.4333,0.4795,3.74
depth,0.2_0.35,2,d2,0.3459,0.3683,4.24
tune,0.2_0.35,2,lr:0.001|do:0.0|h:64,0.4661,0.5033,3.13
depth,0.2_0.35,2,d3,0.2653,0.2649,6.1
tune,0.2_0.35,2,lr:0.001|do:0.0|h:128,0.4967,0.5415,3.75
mcdepth,0.2_0.35,2,mc_d2,0.0,0.0,6.88
tune,0.2_0.35,2,lr:0.001|do:0.5|h:128,0.4848,0.5335,3.67
tune,0.2_0.35,2,lr:0.01|do:0.0|h:64,0.3004,0.3027,3.22
mcdepth,0.2_0.35,2,mc_d3,0.0003,-0.0,9.42
tune,0.2_0.35,2,lr:0.01|do:0.5|h:64,0.3642,0.3954,3.14
tune,0.2_0.35,2,lr:0.01|do:0.0|h:128,0.4421,0.4889,3.58
tune,0.2_0.35,2,lr:0.01|do:0.5|h:128,0.3931,0.4345,3.71
depth,0.2_0.35,3,d2,0.5219,0.5755,4.63
depth,0.2_0.35,3,d3,0.5183,0.5704,5.96
tune,0.2_0.35,3,lr:0.001|do:0.0|h:64,0.6293,0.6901,3.02
mcdepth,0.2_0.35,3,mc_d2,0.004,0.0,6.9
tune,0.2_0.35,3,lr:0.001|do:0.0|h:128,0.6205,0.6795,3.92
tune,0.2_0.35,3,lr:0.01|do:0.0|h:64,0.5233,0.5776,3.0
mcdepth,0.2_0.35,3,mc_d3,0.1134,0.0912,9.19
tune,0.2_0.35,3,lr:0.001|do:0.5|h:128,0.6331,0.6934,3.81
tune,0.2_0.35,3,lr:0.01|do:0.0|h:128,0.5914,0.6493,3.87
tune,0.2_0.35,3,lr:0.01|do:0.5|h:64,0.5055,0.5603,3.29
tune,0.2_0.35,3,lr:0.01|do:0.5|h:128,0.4968,0.551,3.75
depth,0.2_0.35,4,d2,0.5373,0.5852,4.47
tune,0.2_0.35,4,lr:0.001|do:0.0|h:64,0.6032,0.6575,3.07
depth,0.2_0.35,4,d3,0.5096,0.563,5.99
mcdepth,0.2_0.35,4,mc_d2,0.0,0.0,6.89
tune,0.2_0.35,4,lr:0.001|do:0.0|h:128,0.6156,0.6678,3.81
tune,0.2_0.35,4,lr:0.001|do:0.5|h:128,0.5622,0.6182,3.74
tune,0.2_0.35,4,lr:0.01|do:0.0|h:64,0.4964,0.5455,3.24
tune,0.2_0.35,4,lr:0.01|do:0.0|h:128,0.5028,0.5512,3.89
mcdepth,0.2_0.35,4,mc_d3,0.1493,0.1054,9.69
tune,0.2_0.35,4,lr:0.01|do:0.5|h:64,0.3122,0.3016,3.12
tune,0.2_0.35,4,lr:0.01|do:0.5|h:128,0.4755,0.5285,3.85
depth,0.2_0.5,0,d2,0.6248,0.682,4.7
tune,0.2_0.5,0,lr:0.001|do:0.0|h:64,0.7154,0.7671,3.11
depth,0.2_0.5,0,d3,0.5883,0.6428,6.19
mcdepth,0.2_0.5,0,mc_d2,0.0,0.0,6.98
tune,0.2_0.5,0,lr:0.001|do:0.0|h:128,0.7619,0.8128,3.99
tune,0.2_0.5,0,lr:0.001|do:0.5|h:128,0.7432,0.7964,3.8
mcdepth,0.2_0.5,0,mc_d3,0.4692,0.5078,9.47
tune,0.2_0.5,0,lr:0.01|do:0.0|h:64,0.5695,0.6222,3.33
tune,0.2_0.5,0,lr:0.01|do:0.0|h:128,0.6264,0.686,3.97
tune,0.2_0.5,0,lr:0.01|do:0.5|h:64,0.494,0.544,3.37
tune,0.2_0.5,0,lr:0.01|do:0.5|h:128,0.5347,0.5869,3.79
depth,0.2_0.5,1,d2,0.6696,0.7284,4.6
tune,0.2_0.5,1,lr:0.001|do:0.0|h:64,0.6965,0.7534,3.05
mcdepth,0.2_0.5,1,mc_d2,0.0,0.0,7.09
depth,0.2_0.5,1,d3,0.5551,0.6089,5.81
tune,0.2_0.5,1,lr:0.001|do:0.0|h:128,0.7478,0.8034,3.83
tune,0.2_0.5,1,lr:0.01|do:0.0|h:64,0.3656,0.3638,3.21
tune,0.2_0.5,1,lr:0.001|do:0.5|h:128,0.7641,0.8197,3.73
tune,0.2_0.5,1,lr:0.01|do:0.0|h:128,0.7123,0.7685,3.82
mcdepth,0.2_0.5,1,mc_d3,0.0,0.0,9.59
tune,0.2_0.5,1,lr:0.01|do:0.5|h:64,0.4915,0.5455,3.14
tune,0.2_0.5,1,lr:0.01|do:0.5|h:128,0.501,0.5553,3.94
depth,0.2_0.5,2,d2,0.6216,0.6765,4.29
depth,0.2_0.5,2,d3,0.5032,0.5526,5.89
tune,0.2_0.5,2,lr:0.001|do:0.0|h:64,0.7008,0.7567,3.31
mcdepth,0.2_0.5,2,mc_d2,0.002,0.0,6.8
tune,0.2_0.5,2,lr:0.001|do:0.0|h:128,0.706,0.7617,3.7
tune,0.2_0.5,2,lr:0.001|do:0.5|h:128,0.7145,0.771,3.92
tune,0.2_0.5,2,lr:0.01|do:0.0|h:64,0.5174,0.5707,3.27
mcdepth,0.2_0.5,2,mc_d3,0.0,0.0,9.35
tune,0.2_0.5,2,lr:0.01|do:0.0|h:128,0.6555,0.7046,3.81
tune,0.2_0.5,2,lr:0.01|do:0.5|h:64,0.5167,0.5702,3.04
tune,0.2_0.5,2,lr:0.01|do:0.5|h:128,0.4974,0.5503,3.86
depth,0.2_0.5,3,d2,0.6775,0.7355,4.65
depth,0.2_0.5,3,d3,0.6251,0.6846,5.82
mcdepth,0.2_0.5,3,mc_d2,0.0136,0.0001,6.83
tune,0.2_0.5,3,lr:0.001|do:0.0|h:64,0.7522,0.8063,3.22
tune,0.2_0.5,3,lr:0.001|do:0.0|h:128,0.7642,0.8178,3.95
mcdepth,0.2_0.5,3,mc_d3,0.3242,0.2934,9.25
tune,0.2_0.5,3,lr:0.01|do:0.0|h:64,0.6208,0.6723,3.14
tune,0.2_0.5,3,lr:0.001|do:0.5|h:128,0.7999,0.8513,3.87
tune,0.2_0.5,3,lr:0.01|do:0.0|h:128,0.7563,0.8126,3.9
tune,0.2_0.5,3,lr:0.01|do:0.5|h:64,0.5584,0.6126,3.28
tune,0.2_0.5,3,lr:0.01|do:0.5|h:128,0.5815,0.6366,3.82
depth,0.2_0.5,4,d2,0.6241,0.6814,4.47
depth,0.2_0.5,4,d3,0.5851,0.6384,5.88
tune,0.2_0.5,4,lr:0.001|do:0.0|h:64,0.7924,0.8395,3.17
mcdepth,0.2_0.5,4,mc_d2,0.0,0.0,6.81
tune,0.2_0.5,4,lr:0.001|do:0.0|h:128,0.7668,0.8178,3.89
tune,0.2_0.5,4,lr:0.01|do:0.0|h:64,0.7754,0.825,3.14
tune,0.2_0.5,4,lr:0.001|do:0.5|h:128,0.7743,0.8233,3.92
tune,0.2_0.5,4,lr:0.01|do:0.0|h:128,0.5839,0.6424,3.89
mcdepth,0.2_0.5,4,mc_d3,0.002,0.0,9.66
tune,0.2_0.5,4,lr:0.01|do:0.5|h:64,0.5783,0.6364,3.2
tune,0.2_0.5,4,lr:0.01|do:0.5|h:128,0.5572,0.6151,3.83
depth,0.2_0.65,0,d2,0.7225,0.7812,4.54
tune,0.2_0.65,0,lr:0.001|do:0.0|h:64,0.8493,0.8915,3.23
depth,0.2_0.65,0,d3,0.6273,0.6816,6.12
mcdepth,0.2_0.65,0,mc_d2,0.0,0.0,6.91
tune,0.2_0.65,0,lr:0.001|do:0.0|h:128,0.8507,0.8937,3.95
tune,0.2_0.65,0,lr:0.01|do:0.0|h:64,0.7731,0.8205,3.33
mcdepth,0.2_0.65,0,mc_d3,0.0,0.0,9.45
tune,0.2_0.65,0,lr:0.001|do:0.5|h:128,0.8381,0.8836,3.87
tune,0.2_0.65,0,lr:0.01|do:0.0|h:128,0.8544,0.8939,3.88
tune,0.2_0.65,0,lr:0.01|do:0.5|h:64,0.5612,0.6136,3.22
tune,0.2_0.65,0,lr:0.01|do:0.5|h:128,0.5551,0.6076,3.98
depth,0.2_0.65,1,d2,0.6997,0.755,4.55
depth,0.2_0.65,1,d3,0.6196,0.6747,5.8
mcdepth,0.2_0.65,1,mc_d2,0.0,0.0,6.82
tune,0.2_0.65,1,lr:0.001|do:0.0|h:64,0.8077,0.8499,3.26
tune,0.2_0.65,1,lr:0.001|do:0.0|h:128,0.8031,0.8474,3.89
tune,0.2_0.65,1,lr:0.01|do:0.0|h:64,0.5667,0.6188,3.24
tune,0.2_0.65,1,lr:0.001|do:0.5|h:128,0.8315,0.8786,3.88
mcdepth,0.2_0.65,1,mc_d3,0.0,0.0,9.54
tune,0.2_0.65,1,lr:0.01|do:0.0|h:128,0.7228,0.7656,3.96
tune,0.2_0.65,1,lr:0.01|do:0.5|h:64,0.5383,0.5964,3.19
tune,0.2_0.65,1,lr:0.01|do:0.5|h:128,0.561,0.6206,3.92
depth,0.2_0.65,2,d2,0.6682,0.729,4.46
depth,0.2_0.65,2,d3,0.5806,0.6239,6.0
tune,0.2_0.65,2,lr:0.001|do:0.0|h:64,0.8011,0.8492,3.21
mcdepth,0.2_0.65,2,mc_d2,0.0,0.0,6.82
tune,0.2_0.65,2,lr:0.001|do:0.0|h:128,0.8022,0.8517,3.85
tune,0.2_0.65,2,lr:0.01|do:0.0|h:64,0.7358,0.79,3.2
mcdepth,0.2_0.65,2,mc_d3,0.0,0.0,9.37
tune,0.2_0.65,2,lr:0.001|do:0.5|h:128,0.8031,0.8496,3.95
tune,0.2_0.65,2,lr:0.01|do:0.0|h:128,0.7455,0.7965,3.86
tune,0.2_0.65,2,lr:0.01|do:0.5|h:64,0.5188,0.5743,3.13
tune,0.2_0.65,2,lr:0.01|do:0.5|h:128,0.5426,0.6004,3.87
depth,0.2_0.65,3,d2,0.6907,0.7454,4.51
depth,0.2_0.65,3,d3,0.6615,0.7129,5.97
tune,0.2_0.65,3,lr:0.001|do:0.0|h:64,0.8006,0.8494,3.31
mcdepth,0.2_0.65,3,mc_d2,0.0079,0.0,7.12
tune,0.2_0.65,3,lr:0.001|do:0.0|h:128,0.8177,0.8662,4.06
tune,0.2_0.65,3,lr:0.01|do:0.0|h:64,0.6573,0.7099,3.36
mcdepth,0.2_0.65,3,mc_d3,0.6414,0.6973,9.63
tune,0.2_0.65,3,lr:0.001|do:0.5|h:128,0.868,0.9063,4.05
tune,0.2_0.65,3,lr:0.01|do:0.0|h:128,0.7927,0.8402,4.01
tune,0.2_0.65,3,lr:0.01|do:0.5|h:64,0.5635,0.6201,3.22
tune,0.2_0.65,3,lr:0.01|do:0.5|h:128,0.5683,0.6212,3.86
depth,0.2_0.65,4,d2,0.4667,0.4505,4.43
tune,0.2_0.65,4,lr:0.001|do:0.0|h:64,0.8164,0.8613,3.14
depth,0.2_0.65,4,d3,0.5974,0.6537,6.03
mcdepth,0.2_0.65,4,mc_d2,0.004,0.0,6.79
tune,0.2_0.65,4,lr:0.001|do:0.0|h:128,0.8016,0.8492,3.85
tune,0.2_0.65,4,lr:0.01|do:0.0|h:64,0.808,0.8516,3.3
tune,0.2_0.65,4,lr:0.001|do:0.5|h:128,0.8488,0.8888,3.89
mcdepth,0.2_0.65,4,mc_d3,0.622,0.6713,9.36
tune,0.2_0.65,4,lr:0.01|do:0.0|h:128,0.8027,0.8468,3.89
tune,0.2_0.65,4,lr:0.01|do:0.5|h:64,0.5793,0.6379,3.14
tune,0.2_0.65,4,lr:0.01|do:0.5|h:128,0.5691,0.627,3.94
depth,0.2_0.8,0,d2,0.7753,0.8295,4.6
depth,0.2_0.8,0,d3,0.6884,0.7446,5.88
tune,0.2_0.8,0,lr:0.001|do:0.0|h:64,0.8991,0.9344,3.33
mcdepth,0.2_0.8,0,mc_d2,0.0,0.0,6.92
tune,0.2_0.8,0,lr:0.001|do:0.0|h:128,0.8735,0.9138,3.92
tune,0.2_0.8,0,lr:0.01|do:0.0|h:64,0.8577,0.8986,3.26
tune,0.2_0.8,0,lr:0.001|do:0.5|h:128,0.8944,0.9292,3.93
mcdepth,0.2_0.8,0,mc_d3,0.0,0.0,9.41
tune,0.2_0.8,0,lr:0.01|do:0.0|h:128,0.8877,0.9216,3.86
tune,0.2_0.8,0,lr:0.01|do:0.5|h:64,0.5709,0.6273,3.19
tune,0.2_0.8,0,lr:0.01|do:0.5|h:128,0.5564,0.6108,3.93
depth,0.2_0.8,1,d2,0.7117,0.7682,4.52
depth,0.2_0.8,1,d3,0.6519,0.7066,5.87
mcdepth,0.2_0.8,1,mc_d2,0.0,0.0,6.86
tune,0.2_0.8,1,lr:0.001|do:0.0|h:64,0.8196,0.8614,3.28
tune,0.2_0.8,1,lr:0.001|do:0.0|h:128,0.8079,0.8522,3.89
tune,0.2_0.8,1,lr:0.01|do:0.0|h:64,0.5345,0.5834,3.16
tune,0.2_0.8,1,lr:0.001|do:0.5|h:128,0.866,0.9039,3.92
mcdepth,0.2_0.8,1,mc_d3,0.0,0.0,9.5
tune,0.2_0.8,1,lr:0.01|do:0.0|h:128,0.5769,0.6357,3.95
tune,0.2_0.8,1,lr:0.01|do:0.5|h:64,0.5366,0.594,3.25
tune,0.2_0.8,1,lr:0.01|do:0.5|h:128,0.5428,0.6015,3.88
depth,0.2_0.8,2,d2,0.7273,0.784,4.56
depth,0.2_0.8,2,d3,0.6052,0.6504,5.96
tune,0.2_0.8,2,lr:0.001|do:0.0|h:64,0.8337,0.8788,3.18
mcdepth,0.2_0.8,2,mc_d2,0.0,0.0,6.88
tune,0.2_0.8,2,lr:0.001|do:0.0|h:128,0.8379,0.8793,3.88
tune,0.2_0.8,2,lr:0.01|do:0.0|h:64,0.8346,0.8754,3.13
mcdepth,0.2_0.8,2,mc_d3,0.0,0.0,9.43
tune,0.2_0.8,2,lr:0.001|do:0.5|h:128,0.8711,0.9065,3.88
tune,0.2_0.8,2,lr:0.01|do:0.0|h:128,0.7471,0.7989,3.87
tune,0.2_0.8,2,lr:0.01|do:0.5|h:64,0.5524,0.6108,3.12
tune,0.2_0.8,2,lr:0.01|do:0.5|h:128,0.5317,0.5876,3.82
depth,0.2_0.8,3,d2,0.7962,0.8439,4.59
tune,0.2_0.8,3,lr:0.001|do:0.0|h:64,0.8214,0.8623,3.2
depth,0.2_0.8,3,d3,0.7285,0.7763,6.01
mcdepth,0.2_0.8,3,mc_d2,0.0,0.0,7.0
tune,0.2_0.8,3,lr:0.001|do:0.0|h:128,0.8454,0.8886,3.93
tune,0.2_0.8,3,lr:0.01|do:0.0|h:64,0.7794,0.8206,3.24
tune,0.2_0.8,3,lr:0.001|do:0.5|h:128,0.9006,0.9319,3.92
mcdepth,0.2_0.8,3,mc_d3,0.8217,0.8688,9.58
tune,0.2_0.8,3,lr:0.01|do:0.0|h:128,0.7627,0.8005,4.0
tune,0.2_0.8,3,lr:0.01|do:0.5|h:64,0.5556,0.61,3.33
tune,0.2_0.8,3,lr:0.01|do:0.5|h:128,0.5771,0.6313,3.96
depth,0.2_0.8,4,d2,0.4533,0.4135,4.53
depth,0.2_0.8,4,d3,0.6658,0.7235,6.02
tune,0.2_0.8,4,lr:0.001|do:0.0|h:64,0.8449,0.8838,3.24
mcdepth,0.2_0.8,4,mc_d2,0.0,0.0,6.96
tune,0.2_0.8,4,lr:0.001|do:0.0|h:128,0.8381,0.8788,3.86
tune,0.2_0.8,4,lr:0.01|do:0.0|h:64,0.859,0.8941,3.25
tune,0.2_0.8,4,lr:0.001|do:0.5|h:128,0.9018,0.9319,3.96
mcdepth,0.2_0.8,4,mc_d3,0.712,0.7561,9.55
tune,0.2_0.8,4,lr:0.01|do:0.0|h:128,0.8855,0.9165,3.92
tune,0.2_0.8,4,lr:0.01|do:0.5|h:64,0.5665,0.6216,3.23
tune,0.2_0.8,4,lr:0.01|do:0.5|h:128,0.5641,0.6174,3.97
depth,0.2_1.0,0,d2,0.8634,0.9016,4.64
depth,0.2_1.0,0,d3,0.7527,0.7988,5.88
tune,0.2_1.0,0,lr:0.001|do:0.0|h:64,0.9112,0.9396,3.22
mcdepth,0.2_1.0,0,mc_d2,0.0,0.0,6.94
tune,0.2_1.0,0,lr:0.001|do:0.0|h:128,0.8755,0.9139,3.88
tune,0.2_1.0,0,lr:0.01|do:0.0|h:64,0.8882,0.9217,3.09
tune,0.2_1.0,0,lr:0.001|do:0.5|h:128,0.9028,0.9344,3.71
mcdepth,0.2_1.0,0,mc_d3,0.0,0.0,9.3
tune,0.2_1.0,0,lr:0.01|do:0.0|h:128,0.8907,0.9215,3.67
tune,0.2_1.0,0,lr:0.01|do:0.5|h:64,0.5764,0.6338,2.94
tune,0.2_1.0,0,lr:0.01|do:0.5|h:128,0.5863,0.6426,3.56
depth,0.2_1.0,1,d2,0.7625,0.8108,4.19
tune,0.2_1.0,1,lr:0.001|do:0.0|h:64,0.8101,0.8512,2.84
depth,0.2_1.0,1,d3,0.7015,0.7582,5.46
mcdepth,0.2_1.0,1,mc_d2,0.0,0.0,6.37
tune,0.2_1.0,1,lr:0.001|do:0.0|h:128,0.8095,0.8499,3.65
tune,0.2_1.0,1,lr:0.01|do:0.0|h:64,0.7939,0.8421,3.24
tune,0.2_1.0,1,lr:0.001|do:0.5|h:128,0.9297,0.9528,3.88
tune,0.2_1.0,1,lr:0.01|do:0.0|h:128,0.7455,0.7902,3.91
mcdepth,0.2_1.0,1,mc_d3,0.0,0.0,9.15
tune,0.2_1.0,1,lr:0.01|do:0.5|h:64,0.5491,0.6069,3.24
tune,0.2_1.0,1,lr:0.01|do:0.5|h:128,0.5546,0.6124,3.96
depth,0.2_1.0,2,d2,0.8092,0.8587,4.32
depth,0.2_1.0,2,d3,0.7384,0.7864,5.88
tune,0.2_1.0,2,lr:0.001|do:0.0|h:64,0.8639,0.9013,3.3
mcdepth,0.2_1.0,2,mc_d2,0.0,0.0,7.03
tune,0.2_1.0,2,lr:0.001|do:0.0|h:128,0.8627,0.8991,3.89
tune,0.2_1.0,2,lr:0.01|do:0.0|h:64,0.5486,0.6059,3.14
tune,0.2_1.0,2,lr:0.001|do:0.5|h:128,0.8808,0.914,3.84
mcdepth,0.2_1.0,2,mc_d3,0.0,0.0,9.67
tune,0.2_1.0,2,lr:0.01|do:0.5|h:64,0.5631,0.6213,3.09
tune,0.2_1.0,2,lr:0.01|do:0.0|h:128,0.7473,0.797,3.85
tune,0.2_1.0,2,lr:0.01|do:0.5|h:128,0.557,0.6147,3.93
depth,0.2_1.0,3,d2,0.8631,0.8938,4.59
depth,0.2_1.0,3,d3,0.8021,0.8414,5.9
tune,0.2_1.0,3,lr:0.001|do:0.0|h:64,0.8613,0.8938,3.28
mcdepth,0.2_1.0,3,mc_d2,0.0578,0.0043,7.15
tune,0.2_1.0,3,lr:0.001|do:0.0|h:128,0.8598,0.894,3.86
tune,0.2_1.0,3,lr:0.01|do:0.0|h:64,0.6319,0.6706,3.2
tune,0.2_1.0,3,lr:0.001|do:0.5|h:128,0.9434,0.963,3.84
mcdepth,0.2_1.0,3,mc_d3,0.8183,0.8539,9.79
tune,0.2_1.0,3,lr:0.01|do:0.5|h:64,0.5924,0.6433,3.09
tune,0.2_1.0,3,lr:0.01|do:0.0|h:128,0.8385,0.8787,3.99
tune,0.2_1.0,3,lr:0.01|do:0.5|h:128,0.5758,0.6263,3.91
depth,0.2_1.0,4,d2,0.4864,0.4275,4.46
tune,0.2_1.0,4,lr:0.001|do:0.0|h:64,0.8933,0.9215,3.19
depth,0.2_1.0,4,d3,0.703,0.7583,5.81
mcdepth,0.2_1.0,4,mc_d2,0.0,0.0,7.08
tune,0.2_1.0,4,lr:0.001|do:0.0|h:128,0.8412,0.879,3.8
tune,0.2_1.0,4,lr:0.01|do:0.0|h:64,0.8656,0.8987,3.01
tune,0.2_1.0,4,lr:0.001|do:0.5|h:128,0.94,0.9605,3.83
mcdepth,0.2_1.0,4,mc_d3,0.7726,0.8164,9.77
tune,0.2_1.0,4,lr:0.01|do:0.0|h:128,0.9075,0.9319,3.91
tune,0.2_1.0,4,lr:0.01|do:0.5|h:64,0.5943,0.646,3.03
tune,0.2_1.0,4,lr:0.01|do:0.5|h:128,0.5719,0.6258,3.74
depth,0.2_1.5,0,d2,0.8852,0.9112,4.53
tune,0.2_1.5,0,lr:0.001|do:0.0|h:64,0.9491,0.9656,3.17
depth,0.2_1.5,0,d3,0.8078,0.8405,6.1
mcdepth,0.2_1.5,0,mc_d2,0.0,0.0,7.19
tune,0.2_1.5,0,lr:0.001|do:0.0|h:128,0.8963,0.9244,3.91
tune,0.2_1.5,0,lr:0.001|do:0.5|h:128,0.9561,0.9708,3.88
tune,0.2_1.5,0,lr:0.01|do:0.0|h:64,0.909,0.9252,3.3
mcdepth,0.2_1.5,0,mc_d3,0.0,0.0,9.59
tune,0.2_1.5,0,lr:0.01|do:0.0|h:128,0.8564,0.8784,4.1
tune,0.2_1.5,0,lr:0.01|do:0.5|h:64,0.5817,0.638,3.27
tune,0.2_1.5,0,lr:0.01|do:0.5|h:128,0.5947,0.6494,3.88
depth,0.2_1.5,1,d2,0.9465,0.9605,4.75
tune,0.2_1.5,1,lr:0.001|do:0.0|h:64,0.875,0.8944,3.13
mcdepth,0.2_1.5,1,mc_d2,0.0,0.0,7.09
depth,0.2_1.5,1,d3,0.7841,0.8295,6.13
tune,0.2_1.5,1,lr:0.001|do:0.0|h:128,0.9136,0.9342,3.91
tune,0.2_1.5,1,lr:0.001|do:0.5|h:128,0.9953,0.9973,3.81
tune,0.2_1.5,1,lr:0.01|do:0.0|h:64,0.6046,0.6478,3.28
mcdepth,0.2_1.5,1,mc_d3,0.0,0.0,9.84
tune,0.2_1.5,1,lr:0.01|do:0.0|h:128,0.5304,0.5746,3.93
tune,0.2_1.5,1,lr:0.01|do:0.5|h:64,0.5764,0.6351,3.21
tune,0.2_1.5,1,lr:0.01|do:0.5|h:128,0.583,0.6372,3.85
depth,0.2_1.5,2,d2,0.9333,0.9503,4.7
depth,0.2_1.5,2,d3,0.8256,0.8554,5.96
tune,0.2_1.5,2,lr:0.001|do:0.0|h:64,0.9034,0.9241,3.07
mcdepth,0.2_1.5,2,mc_d2,0.0,0.0,7.03
tune,0.2_1.5,2,lr:0.001|do:0.0|h:128,0.9069,0.9292,3.94
tune,0.2_1.5,2,lr:0.01|do:0.0|h:64,0.8279,0.8584,3.13
mcdepth,0.2_1.5,2,mc_d3,0.0,0.0,9.58
tune,0.2_1.5,2,lr:0.001|do:0.5|h:128,0.9239,0.9447,3.94
tune,0.2_1.5,2,lr:0.01|do:0.0|h:128,0.6483,0.6791,4.1
tune,0.2_1.5,2,lr:0.01|do:0.5|h:64,0.5721,0.6314,3.26
tune,0.2_1.5,2,lr:0.01|do:0.5|h:128,0.5732,0.6318,3.87
depth,0.2_1.5,3,d2,0.9691,0.9814,4.69
tune,0.2_1.5,3,lr:0.001|do:0.0|h:64,0.8946,0.9185,3.2
mcdepth,0.2_1.5,3,mc_d2,0.1682,0.1529,7.09
depth,0.2_1.5,3,d3,0.8649,0.8914,6.24
tune,0.2_1.5,3,lr:0.001|do:0.0|h:128,0.9244,0.9374,4.0
tune,0.2_1.5,3,lr:0.001|do:0.5|h:128,0.9822,0.9894,3.77
tune,0.2_1.5,3,lr:0.01|do:0.0|h:64,0.7743,0.8033,3.24
mcdepth,0.2_1.5,3,mc_d3,0.0,0.0,9.79
tune,0.2_1.5,3,lr:0.01|do:0.0|h:128,0.8906,0.9112,4.03
tune,0.2_1.5,3,lr:0.01|do:0.5|h:64,0.6065,0.6566,3.24
tune,0.2_1.5,3,lr:0.01|do:0.5|h:128,0.6346,0.6815,3.82
depth,0.2_1.5,4,d2,0.8031,0.8239,4.7
tune,0.2_1.5,4,lr:0.001|do:0.0|h:64,0.9063,0.9265,3.13
depth,0.2_1.5,4,d3,0.8599,0.8985,6.23
mcdepth,0.2_1.5,4,mc_d2,0.0,0.0,7.16
tune,0.2_1.5,4,lr:0.001|do:0.0|h:128,0.8813,0.9063,4.01
tune,0.2_1.5,4,lr:0.01|do:0.0|h:64,0.5698,0.6196,3.36
tune,0.2_1.5,4,lr:0.001|do:0.5|h:128,0.9916,0.9947,3.85
mcdepth,0.2_1.5,4,mc_d3,0.0,0.0,9.73
tune,0.2_1.5,4,lr:0.01|do:0.0|h:128,0.6895,0.7228,4.12
tune,0.2_1.5,4,lr:0.01|do:0.5|h:64,0.5996,0.6504,3.32
tune,0.2_1.5,4,lr:0.01|do:0.5|h:128,0.5647,0.6224,4.0
depth,0.35_0.0,0,d2,0.0158,0.0116,4.57
depth,0.35_0.0,0,d3,0.0271,0.0223,5.82
tune,0.35_0.0,0,lr:0.001|do:0.0|h:64,0.0263,0.0201,3.23
mcdepth,0.35_0.0,0,mc_d2,0.0,0.0,7.11
tune,0.35_0.0,0,lr:0.001|do:0.0|h:128,0.0179,0.0124,3.93
tune,0.35_0.0,0,lr:0.01|do:0.0|h:64,0.0279,0.0213,3.37
tune,0.35_0.0,0,lr:0.001|do:0.5|h:128,0.0115,0.0076,4.04
mcdepth,0.35_0.0,0,mc_d3,0.0557,0.0454,9.99
tune,0.35_0.0,0,lr:0.01|do:0.0|h:128,0.022,0.0159,4.05
tune,0.35_0.0,0,lr:0.01|do:0.5|h:64,0.0236,0.0185,3.31
tune,0.35_0.0,0,lr:0.01|do:0.5|h:128,0.0192,0.0147,3.89
depth,0.35_0.0,1,d2,0.007,0.0037,4.46
tune,0.35_0.0,1,lr:0.001|do:0.0|h:64,0.011,0.0074,3.21
depth,0.35_0.0,1,d3,0.0247,0.0198,5.95
mcdepth,0.35_0.0,1,mc_d2,0.0379,0.0306,7.25
tune,0.35_0.0,1,lr:0.001|do:0.0|h:128,0.0082,0.0047,3.94
tune,0.35_0.0,1,lr:0.01|do:0.0|h:64,0.0276,0.0232,3.27
mcdepth,0.35_0.0,1,mc_d3,0.0216,0.016,9.68
tune,0.35_0.0,1,lr:0.001|do:0.5|h:128,0.0054,0.002,4.05
tune,0.35_0.0,1,lr:0.01|do:0.5|h:64,0.0059,0.0024,3.26
tune,0.35_0.0,1,lr:0.01|do:0.0|h:128,0.0155,0.0115,4.21
tune,0.35_0.0,1,lr:0.01|do:0.5|h:128,0.016,0.0117,3.93
depth,0.35_0.0,2,d2,0.0077,0.0041,4.78
tune,0.35_0.0,2,lr:0.001|do:0.0|h:64,0.0145,0.0108,3.24
depth,0.35_0.0,2,d3,0.0105,0.0063,5.87
mcdepth,0.35_0.0,2,mc_d2,0.0,0.0,7.04
tune,0.35_0.0,2,lr:0.001|do:0.0|h:128,0.0085,0.0046,4.05
tune,0.35_0.0,2,lr:0.01|do:0.0|h:64,0.0114,0.0072,3.11
tune,0.35_0.0,2,lr:0.001|do:0.5|h:128,0.0136,0.0085,3.87
tune,0.35_0.0,2,lr:0.01|do:0.0|h:128,0.0093,0.0052,4.0
mcdepth,0.35_0.0,2,mc_d3,0.0204,0.0166,9.94
tune,0.35_0.0,2,lr:0.01|do:0.5|h:64,0.0126,0.0082,3.27
tune,0.35_0.0,2,lr:0.01|do:0.5|h:128,0.0165,0.0124,3.82
depth,0.35_0.0,3,d2,0.0211,0.0175,4.39
tune,0.35_0.0,3,lr:0.001|do:0.0|h:64,0.0189,0.0144,3.03
depth,0.35_0.0,3,d3,0.0113,0.0072,6.06
mcdepth,0.35_0.0,3,mc_d2,0.0,0.0,6.99
tune,0.35_0.0,3,lr:0.001|do:0.0|h:128,0.0048,0.0014,3.71
tune,0.35_0.0,3,lr:0.01|do:0.0|h:64,0.0108,0.0068,3.27
tune,0.35_0.0,3,lr:0.001|do:0.5|h:128,0.0162,0.0119,3.75
mcdepth,0.35_0.0,3,mc_d3,0.0215,0.0176,9.28
tune,0.35_0.0,3,lr:0.01|do:0.5|h:64,0.0191,0.0148,3.08
tune,0.35_0.0,3,lr:0.01|do:0.0|h:128,0.0092,0.0056,3.91
tune,0.35_0.0,3,lr:0.01|do:0.5|h:128,0.0238,0.0186,3.95
depth,0.35_0.0,4,d2,0.0279,0.0241,4.39
depth,0.35_0.0,4,d3,0.0378,0.0326,5.61
tune,0.35_0.0,4,lr:0.001|do:0.0|h:64,0.0109,0.007,3.27
mcdepth,0.35_0.0,4,mc_d2,0.0,0.0,6.77
tune,0.35_0.0,4,lr:0.001|do:0.0|h:128,0.0159,0.0121,3.74
tune,0.35_0.0,4,lr:0.01|do:0.0|h:64,0.0119,0.0075,3.27
tune,0.35_0.0,4,lr:0.001|do:0.5|h:128,0.0156,0.0116,3.78
mcdepth,0.35_0.0,4,mc_d3,0.0228,0.0139,9.65
tune,0.35_0.0,4,lr:0.01|do:0.0|h:128,0.0187,0.0151,3.87
tune,0.35_0.0,4,lr:0.01|do:0.5|h:64,0.0206,0.017,3.06
tune,0.35_0.0,4,lr:0.01|do:0.5|h:128,0.0156,0.0117,3.95
depth,0.35_0.2,0,d2,0.4106,0.4359,4.39
depth,0.35_0.2,0,d3,0.4689,0.5008,5.94
tune,0.35_0.2,0,lr:0.001|do:0.0|h:64,0.2858,0.2949,3.23
mcdepth,0.35_0.2,0,mc_d2,0.0,0.0,6.94
tune,0.35_0.2,0,lr:0.001|do:0.0|h:128,0.2513,0.2442,3.73
mcdepth,0.35_0.2,0,mc_d3,0.3807,0.3878,9.33
tune,0.35_0.2,0,lr:0.01|do:0.0|h:64,0.3278,0.3339,3.24
tune,0.35_0.2,0,lr:0.001|do:0.5|h:128,0.3794,0.4087,3.87
tune,0.35_0.2,0,lr:0.01|do:0.5|h:64,0.3979,0.4097,3.05
tune,0.35_0.2,0,lr:0.01|do:0.0|h:128,0.4184,0.4345,3.85
tune,0.35_0.2,0,lr:0.01|do:0.5|h:128,0.443,0.4766,3.85
depth,0.35_0.2,1,d2,0.3396,0.3409,4.63
depth,0.35_0.2,1,d3,0.5718,0.6245,5.62
tune,0.35_0.2,1,lr:0.001|do:0.0|h:64,0.2737,0.2673,3.16
mcdepth,0.35_0.2,1,mc_d2,0.4474,0.4787,6.79
tune,0.35_0.2,1,lr:0.001|do:0.0|h:128,0.4675,0.5108,3.92
tune,0.35_0.2,1,lr:0.01|do:0.0|h:64,0.3243,0.3267,3.09
tune,0.35_0.2,1,lr:0.001|do:0.5|h:128,0.4564,0.5034,3.76
mcdepth,0.35_0.2,1,mc_d3,0.3748,0.3639,9.63
tune,0.35_0.2,1,lr:0.01|do:0.0|h:128,0.4827,0.5337,3.87
tune,0.35_0.2,1,lr:0.01|do:0.5|h:64,0.4907,0.535,3.22
tune,0.35_0.2,1,lr:0.01|do:0.5|h:128,0.5278,0.581,3.87
depth,0.35_0.2,2,d2,0.3292,0.3471,4.26
depth,0.35_0.2,2,d3,0.2987,0.2941,6.04
tune,0.35_0.2,2,lr:0.001|do:0.0|h:64,0.1665,0.1548,3.21
mcdepth,0.35_0.2,2,mc_d2,0.0,0.0,6.98
tune,0.35_0.2,2,lr:0.001|do:0.0|h:128,0.208,0.2038,3.81
tune,0.35_0.2,2,lr:0.01|do:0.0|h:64,0.1691,0.1556,3.2
tune,0.35_0.2,2,lr:0.001|do:0.5|h:128,0.3156,0.3374,3.96
tune,0.35_0.2,2,lr:0.01|do:0.5|h:64,0.4046,0.4444,3.09
mcdepth,0.35_0.2,2,mc_d3,0.338,0.3272,9.73
tune,0.35_0.2,2,lr:0.01|do:0.0|h:128,0.2198,0.213,3.88
tune,0.35_0.2,2,lr:0.01|do:0.5|h:128,0.4014,0.4411,3.85
depth,0.35_0.2,3,d2,0.6122,0.6724,4.61
tune,0.35_0.2,3,lr:0.001|do:0.0|h:64,0.5903,0.6508,3.15
depth,0.35_0.2,3,d3,0.6265,0.6878,5.96
mcdepth,0.35_0.2,3,mc_d2,0.0193,0.0003,6.8
tune,0.35_0.2,3,lr:0.001|do:0.0|h:128,0.568,0.6254,3.9
tune,0.35_0.2,3,lr:0.01|do:0.0|h:64,0.5903,0.6494,3.25
tune,0.35_0.2,3,lr:0.001|do:0.5|h:128,0.5607,0.6195,3.85
mcdepth,0.35_0.2,3,mc_d3,0.4992,0.5187,9.62
tune,0.35_0.2,3,lr:0.01|do:0.0|h:128,0.6362,0.6969,3.81
tune,0.35_0.2,3,lr:0.01|do:0.5|h:64,0.6163,0.6758,3.23
tune,0.35_0.2,3,lr:0.01|do:0.5|h:128,0.6162,0.6754,3.92
depth,0.35_0.2,4,d2,0.4965,0.5356,4.5
depth,0.35_0.2,4,d3,0.5638,0.6186,5.82
tune,0.35_0.2,4,lr:0.001|do:0.0|h:64,0.3834,0.4106,3.27
mcdepth,0.35_0.2,4,mc_d2,0.002,0.0,7.05
tune,0.35_0.2,4,lr:0.001|do:0.0|h:128,0.4077,0.4429,3.87
tune,0.35_0.2,4,lr:0.01|do:0.0|h:64,0.3253,0.3256,3.28
tune,0.35_0.2,4,lr:0.001|do:0.5|h:128,0.3177,0.3209,3.88
mcdepth,0.35_0.2,4,mc_d3,0.4687,0.495,9.36
tune,0.35_0.2,4,lr:0.01|do:0.0|h:128,0.3653,0.3759,3.93
tune,0.35_0.2,4,lr:0.01|do:0.5|h:64,0.5226,0.5727,3.21
tune,0.35_0.2,4,lr:0.01|do:0.5|h:128,0.5252,0.5726,3.97
depth,0.35_0.35,0,d2,0.7435,0.7962,4.51
depth,0.35_0.35,0,d3,0.7623,0.8151,5.89
tune,0.35_0.35,0,lr:0.001|do:0.0|h:64,0.7265,0.7761,3.26
mcdepth,0.35_0.35,0,mc_d2,0.0,0.0,6.78
tune,0.35_0.35,0,lr:0.001|do:0.0|h:128,0.72,0.7715,3.87
tune,0.35_0.35,0,lr:0.01|do:0.0|h:64,0.738,0.7916,3.25
tune,0.35_0.35,0,lr:0.001|do:0.5|h:128,0.707,0.7548,3.93
mcdepth,0.35_0.35,0,mc_d3,0.6038,0.6024,9.42
tune,0.35_0.35,0,lr:0.01|do:0.0|h:128,0.7365,0.7879,3.85
tune,0.35_0.35,0,lr:0.01|do:0.5|h:64,0.5612,0.5711,3.15
tune,0.35_0.35,0,lr:0.01|do:0.5|h:128,0.7215,0.7771,3.93
depth,0.35_0.35,1,d2,0.8179,0.8622,4.55
depth,0.35_0.35,1,d3,0.831,0.8767,5.95
tune,0.35_0.35,1,lr:0.001|do:0.0|h:64,0.7938,0.8401,3.27
mcdepth,0.35_0.35,1,mc_d2,0.7611,0.8132,6.9
tune,0.35_0.35,1,lr:0.001|do:0.0|h:128,0.7881,0.8395,3.91
tune,0.35_0.35,1,lr:0.01|do:0.0|h:64,0.7779,0.832,3.27
mcdepth,0.35_0.35,1,mc_d3,0.7751,0.8297,9.45
tune,0.35_0.35,1,lr:0.001|do:0.5|h:128,0.7894,0.8336,3.88
tune,0.35_0.35,1,lr:0.01|do:0.0|h:128,0.7866,0.8371,3.86
tune,0.35_0.35,1,lr:0.01|do:0.5|h:64,0.7733,0.8235,3.27
tune,0.35_0.35,1,lr:0.01|do:0.5|h:128,0.7511,0.8076,3.96
depth,0.35_0.35,2,d2,0.756,0.8101,4.56
depth,0.35_0.35,2,d3,0.7605,0.8151,5.91
tune,0.35_0.35,2,lr:0.001|do:0.0|h:64,0.7324,0.7873,3.25
mcdepth,0.35_0.35,2,mc_d2,0.1406,0.0606,6.76
tune,0.35_0.35,2,lr:0.001|do:0.0|h:128,0.7097,0.7635,3.87
tune,0.35_0.35,2,lr:0.01|do:0.0|h:64,0.7439,0.8026,3.23
tune,0.35_0.35,2,lr:0.001|do:0.5|h:128,0.6963,0.7542,3.88
tune,0.35_0.35,2,lr:0.01|do:0.0|h:128,0.7538,0.8079,3.89
mcdepth,0.35_0.35,2,mc_d3,0.7302,0.7888,9.63
tune,0.35_0.35,2,lr:0.01|do:0.5|h:64,0.7369,0.7955,3.2
tune,0.35_0.35,2,lr:0.01|do:0.5|h:128,0.7393,0.7981,3.95
depth,0.35_0.35,3,d2,0.8557,0.8987,4.56
depth,0.35_0.35,3,d3,0.8711,0.9113,6.08
tune,0.35_0.35,3,lr:0.001|do:0.0|h:64,0.8783,0.9166,3.28
mcdepth,0.35_0.35,3,mc_d2,0.8649,0.9087,6.77
tune,0.35_0.35,3,lr:0.001|do:0.0|h:128,0.8714,0.909,3.9
tune,0.35_0.35,3,lr:0.01|do:0.0|h:64,0.8696,0.9089,3.26
tune,0.35_0.35,3,lr:0.001|do:0.5|h:128,0.8505,0.8941,3.98
mcdepth,0.35_0.35,3,mc_d3,0.8432,0.8909,9.52
tune,0.35_0.35,3,lr:0.01|do:0.0|h:128,0.862,0.9039,3.88
tune,0.35_0.35,3,lr:0.01|do:0.5|h:64,0.8646,0.9063,3.16
tune,0.35_0.35,3,lr:0.01|do:0.5|h:128,0.8666,0.9063,3.93
depth,0.35_0.35,4,d2,0.8257,0.8739,4.68
depth,0.35_0.35,4,d3,0.8174,0.8662,5.99
tune,0.35_0.35,4,lr:0.001|do:0.0|h:64,0.7959,0.8465,3.29
mcdepth,0.35_0.35,4,mc_d2,0.1116,0.0364,7.03
tune,0.35_0.35,4,lr:0.001|do:0.0|h:128,0.7994,0.8473,3.98
tune,0.35_0.35,4,lr:0.01|do:0.0|h:64,0.819,0.8663,3.31
tune,0.35_0.35,4,lr:0.001|do:0.5|h:128,0.8013,0.8494,3.97
mcdepth,0.35_0.35,4,mc_d3,0.7778,0.8297,9.63
tune,0.35_0.35,4,lr:0.01|do:0.0|h:128,0.8159,0.8594,3.93
tune,0.35_0.35,4,lr:0.01|do:0.5|h:64,0.7943,0.8416,3.28
tune,0.35_0.35,4,lr:0.01|do:0.5|h:128,0.7965,0.8465,3.9
depth,0.35_0.5,0,d2,0.8588,0.8987,4.54
depth,0.35_0.5,0,d3,0.8069,0.8563,5.94
tune,0.35_0.5,0,lr:0.001|do:0.0|h:64,0.8982,0.9295,3.2
mcdepth,0.35_0.5,0,mc_d2,0.0,0.0,6.84
tune,0.35_0.5,0,lr:0.001|do:0.0|h:128,0.9,0.9295,3.78
tune,0.35_0.5,0,lr:0.01|do:0.0|h:64,0.8707,0.9043,3.07
tune,0.35_0.5,0,lr:0.001|do:0.5|h:128,0.8881,0.9193,3.76
tune,0.35_0.5,0,lr:0.01|do:0.0|h:128,0.9,0.9294,3.71
mcdepth,0.35_0.5,0,mc_d3,0.7512,0.7912,9.48
tune,0.35_0.5,0,lr:0.01|do:0.5|h:64,0.815,0.8613,3.1
tune,0.35_0.5,0,lr:0.01|do:0.5|h:128,0.8519,0.8939,4.11
depth,0.35_0.5,1,d2,0.9021,0.9345,4.95
tune,0.35_0.5,1,lr:0.001|do:0.0|h:64,0.9245,0.9501,3.37
depth,0.35_0.5,1,d3,0.8843,0.9216,6.38
mcdepth,0.35_0.5,1,mc_d2,0.9031,0.9369,7.14
tune,0.35_0.5,1,lr:0.001|do:0.0|h:128,0.9245,0.9501,3.87
tune,0.35_0.5,1,lr:0.01|do:0.0|h:64,0.9078,0.9396,3.25
tune,0.35_0.5,1,lr:0.001|do:0.5|h:128,0.9212,0.9475,3.88
mcdepth,0.35_0.5,1,mc_d3,0.8852,0.9216,9.84
tune,0.35_0.5,1,lr:0.01|do:0.0|h:128,0.9203,0.9475,3.88
tune,0.35_0.5,1,lr:0.01|do:0.5|h:64,0.8522,0.8917,3.23
tune,0.35_0.5,1,lr:0.01|do:0.5|h:128,0.8687,0.909,3.96
depth,0.35_0.5,2,d2,0.866,0.9062,4.55
depth,0.35_0.5,2,d3,0.8446,0.8909,5.93
tune,0.35_0.5,2,lr:0.001|do:0.0|h:64,0.9041,0.937,3.2
mcdepth,0.35_0.5,2,mc_d2,0.2643,0.2211,6.69
tune,0.35_0.5,2,lr:0.001|do:0.0|h:128,0.9079,0.9396,3.82
tune,0.35_0.5,2,lr:0.01|do:0.0|h:64,0.8954,0.9269,3.19
tune,0.35_0.5,2,lr:0.001|do:0.5|h:128,0.8905,0.9244,3.85
tune,0.35_0.5,2,lr:0.01|do:0.0|h:128,0.9055,0.937,3.8
mcdepth,0.35_0.5,2,mc_d3,0.8329,0.8811,9.41
tune,0.35_0.5,2,lr:0.01|do:0.5|h:64,0.8338,0.8808,3.17
tune,0.35_0.5,2,lr:0.01|do:0.5|h:128,0.8197,0.8683,3.95
depth,0.35_0.5,3,d2,0.9279,0.9551,4.6
depth,0.35_0.5,3,d3,0.8886,0.9241,5.9
tune,0.35_0.5,3,lr:0.001|do:0.0|h:64,0.9543,0.9709,3.2
mcdepth,0.35_0.5,3,mc_d2,0.9262,0.9526,6.79
tune,0.35_0.5,3,lr:0.001|do:0.0|h:128,0.9644,0.9787,3.85
tune,0.35_0.5,3,lr:0.01|do:0.0|h:64,0.9611,0.9761,3.19
tune,0.35_0.5,3,lr:0.001|do:0.5|h:128,0.9601,0.9761,3.85
mcdepth,0.35_0.5,3,mc_d3,0.8897,0.9266,9.5
tune,0.35_0.5,3,lr:0.01|do:0.0|h:128,0.9611,0.9761,3.81
tune,0.35_0.5,3,lr:0.01|do:0.5|h:64,0.95,0.9682,3.15
tune,0.35_0.5,3,lr:0.01|do:0.5|h:128,0.948,0.9682,3.89
depth,0.35_0.5,4,d2,0.9127,0.9447,4.55
depth,0.35_0.5,4,d3,0.8765,0.9163,6.09
tune,0.35_0.5,4,lr:0.001|do:0.0|h:64,0.9433,0.9656,3.38
mcdepth,0.35_0.5,4,mc_d2,0.9158,0.9448,7.17
tune,0.35_0.5,4,lr:0.001|do:0.0|h:128,0.9363,0.9604,4.01
tune,0.35_0.5,4,lr:0.01|do:0.0|h:64,0.9365,0.9604,3.28
tune,0.35_0.5,4,lr:0.001|do:0.5|h:128,0.9383,0.9604,3.88
mcdepth,0.35_0.5,4,mc_d3,0.8908,0.9267,9.78
tune,0.35_0.5,4,lr:0.01|do:0.0|h:128,0.9318,0.9577,4.06
tune,0.35_0.5,4,lr:0.01|do:0.5|h:64,0.9097,0.9396,3.22
tune,0.35_0.5,4,lr:0.01|do:0.5|h:128,0.865,0.9037,3.99
depth,0.35_0.65,0,d2,0.9251,0.9499,4.55
tune,0.35_0.65,0,lr:0.001|do:0.0|h:64,0.9527,0.9709,3.31
depth,0.35_0.65,0,d3,0.8714,0.9088,6.16
mcdepth,0.35_0.65,0,mc_d2,0.0,0.0,7.09
tune,0.35_0.65,0,lr:0.001|do:0.0|h:128,0.9457,0.9656,3.85
tune,0.35_0.65,0,lr:0.01|do:0.0|h:64,0.942,0.963,3.25
tune,0.35_0.65,0,lr:0.001|do:0.5|h:128,0.9459,0.9656,3.94
mcdepth,0.35_0.65,0,mc_d3,0.8536,0.8962,9.67
tune,0.35_0.65,0,lr:0.01|do:0.0|h:128,0.9533,0.9709,3.95
tune,0.35_0.65,0,lr:0.01|do:0.5|h:64,0.8785,0.9139,3.16
tune,0.35_0.65,0,lr:0.01|do:0.5|h:128,0.9339,0.9553,3.94
depth,0.35_0.65,1,d2,0.9306,0.9577,4.66
depth,0.35_0.65,1,d3,0.8883,0.9242,6.03
tune,0.35_0.65,1,lr:0.001|do:0.0|h:64,0.9624,0.9787,3.15
mcdepth,0.35_0.65,1,mc_d2,0.9355,0.9604,6.96
tune,0.35_0.65,1,lr:0.001|do:0.0|h:128,0.9624,0.9787,3.93
tune,0.35_0.65,1,lr:0.01|do:0.0|h:64,0.9624,0.9787,3.18
mcdepth,0.35_0.65,1,mc_d3,0.8941,0.9293,9.62
tune,0.35_0.65,1,lr:0.001|do:0.5|h:128,0.9681,0.9814,3.86
tune,0.35_0.65,1,lr:0.01|do:0.0|h:128,0.9624,0.9787,3.75
tune,0.35_0.65,1,lr:0.01|do:0.5|h:64,0.9409,0.9628,3.0
tune,0.35_0.65,1,lr:0.01|do:0.5|h:128,0.9597,0.9761,3.52
depth,0.35_0.65,2,d2,0.9453,0.9656,4.28
depth,0.35_0.65,2,d3,0.8988,0.9318,5.26
tune,0.35_0.65,2,lr:0.001|do:0.0|h:64,0.9728,0.984,2.75
mcdepth,0.35_0.65,2,mc_d2,0.9272,0.9526,6.36
tune,0.35_0.65,2,lr:0.001|do:0.0|h:128,0.9644,0.9787,3.55
tune,0.35_0.65,2,lr:0.01|do:0.0|h:64,0.9654,0.9787,2.7
tune,0.35_0.65,2,lr:0.001|do:0.5|h:128,0.9607,0.9761,3.41
mcdepth,0.35_0.65,2,mc_d3,0.8946,0.9317,8.83
tune,0.35_0.65,2,lr:0.01|do:0.0|h:128,0.9634,0.9787,3.62
tune,0.35_0.65,2,lr:0.01|do:0.5|h:64,0.9644,0.9787,2.99
tune,0.35_0.65,2,lr:0.01|do:0.5|h:128,0.9015,0.9344,3.65
depth,0.35_0.65,3,d2,0.9309,0.9551,4.24
tune,0.35_0.65,3,lr:0.001|do:0.0|h:64,0.9906,0.9947,2.8
depth,0.35_0.65,3,d3,0.8871,0.924,6.0
mcdepth,0.35_0.65,3,mc_d2,0.9412,0.963,6.89
tune,0.35_0.65,3,lr:0.001|do:0.0|h:128,0.9859,0.992,3.77
tune,0.35_0.65,3,lr:0.001|do:0.5|h:128,0.9906,0.9947,3.86
tune,0.35_0.65,3,lr:0.01|do:0.0|h:64,0.9812,0.9893,3.11
tune,0.35_0.65,3,lr:0.01|do:0.5|h:64,0.9547,0.9708,3.04
mcdepth,0.35_0.65,3,mc_d3,0.9326,0.9577,9.58
tune,0.35_0.65,3,lr:0.01|do:0.0|h:128,0.9859,0.992,3.79
tune,0.35_0.65,3,lr:0.01|do:0.5|h:128,0.9785,0.9867,3.68
depth,0.35_0.65,4,d2,0.9319,0.9577,4.46
tune,0.35_0.65,4,lr:0.001|do:0.0|h:64,0.9634,0.9787,3.06
depth,0.35_0.65,4,d3,0.8837,0.9214,6.05
mcdepth,0.35_0.65,4,mc_d2,0.9396,0.963,6.68
tune,0.35_0.65,4,lr:0.001|do:0.0|h:128,0.9681,0.9814,3.9
tune,0.35_0.65,4,lr:0.001|do:0.5|h:128,0.9765,0.9867,3.73
tune,0.35_0.65,4,lr:0.01|do:0.0|h:64,0.9634,0.9787,3.21
mcdepth,0.35_0.65,4,mc_d3,0.8926,0.9268,9.33
tune,0.35_0.65,4,lr:0.01|do:0.0|h:128,0.9587,0.9761,3.72
tune,0.35_0.65,4,lr:0.01|do:0.5|h:64,0.9513,0.9708,3.18
tune,0.35_0.65,4,lr:0.01|do:0.5|h:128,0.9513,0.9709,3.81
depth,0.35_0.8,0,d2,0.942,0.963,4.67
depth,0.35_0.8,0,d3,0.9022,0.9344,5.93
tune,0.35_0.8,0,lr:0.001|do:0.0|h:64,0.9728,0.984,3.14
mcdepth,0.35_0.8,0,mc_d2,0.0,0.0,6.9
tune,0.35_0.8,0,lr:0.001|do:0.0|h:128,0.9691,0.9814,3.96
tune,0.35_0.8,0,lr:0.01|do:0.0|h:64,0.9658,0.9788,3.03
tune,0.35_0.8,0,lr:0.001|do:0.5|h:128,0.9728,0.984,3.85
mcdepth,0.35_0.8,0,mc_d3,0.8991,0.9319,9.57
tune,0.35_0.8,0,lr:0.01|do:0.0|h:128,0.9695,0.9814,3.91
tune,0.35_0.8,0,lr:0.01|do:0.5|h:64,0.9302,0.9551,3.24
tune,0.35_0.8,0,lr:0.01|do:0.5|h:128,0.9466,0.9682,3.8
depth,0.35_0.8,1,d2,0.9507,0.9708,4.71
tune,0.35_0.8,1,lr:0.001|do:0.0|h:64,0.9728,0.984,3.33
depth,0.35_0.8,1,d3,0.8968,0.9319,6.16
mcdepth,0.35_0.8,1,mc_d2,0.9439,0.9656,7.29
tune,0.35_0.8,1,lr:0.001|do:0.0|h:128,0.9671,0.9814,3.79
tune,0.35_0.8,1,lr:0.01|do:0.0|h:64,0.9671,0.9814,3.09
tune,0.35_0.8,1,lr:0.001|do:0.5|h:128,0.9953,0.9973,3.82
tune,0.35_0.8,1,lr:0.01|do:0.0|h:128,0.9671,0.9814,3.89
mcdepth,0.35_0.8,1,mc_d3,0.4637,0.4594,10.19
tune,0.35_0.8,1,lr:0.01|do:0.5|h:64,0.957,0.9735,3.07
tune,0.35_0.8,1,lr:0.01|do:0.5|h:128,0.9624,0.9787,3.86
depth,0.35_0.8,2,d2,0.9443,0.9656,4.4
tune,0.35_0.8,2,lr:0.001|do:0.0|h:64,0.9822,0.9893,3.14
depth,0.35_0.8,2,d3,0.9155,0.9447,5.92
mcdepth,0.35_0.8,2,mc_d2,0.9291,0.9552,6.93
tune,0.35_0.8,2,lr:0.001|do:0.0|h:128,0.9775,0.9867,3.84
tune,0.35_0.8,2,lr:0.01|do:0.0|h:64,0.9822,0.9894,3.18
tune,0.35_0.8,2,lr:0.001|do:0.5|h:128,0.9859,0.992,3.89
mcdepth,0.35_0.8,2,mc_d3,0.9096,0.9421,9.4
tune,0.35_0.8,2,lr:0.01|do:0.5|h:64,0.9822,0.9894,3.13
tune,0.35_0.8,2,lr:0.01|do:0.0|h:128,0.9822,0.9894,3.91
tune,0.35_0.8,2,lr:0.01|do:0.5|h:128,0.9695,0.9814,3.83
depth,0.35_0.8,3,d2,0.936,0.9578,4.48
depth,0.35_0.8,3,d3,0.9241,0.9499,5.71
tune,0.35_0.8,3,lr:0.001|do:0.0|h:64,0.9953,0.9973,3.18
mcdepth,0.35_0.8,3,mc_d2,0.9634,0.9787,6.94
tune,0.35_0.8,3,lr:0.001|do:0.0|h:128,0.9906,0.9947,3.87
tune,0.35_0.8,3,lr:0.01|do:0.0|h:64,0.9906,0.9947,3.13
tune,0.35_0.8,3,lr:0.001|do:0.5|h:128,0.9953,0.9973,3.81
mcdepth,0.35_0.8,3,mc_d3,0.9148,0.9447,9.57
tune,0.35_0.8,3,lr:0.01|do:0.0|h:128,0.9906,0.9947,3.94
tune,0.35_0.8,3,lr:0.01|do:0.5|h:64,0.9752,0.9841,3.14
tune,0.35_0.8,3,lr:0.01|do:0.5|h:128,0.9822,0.9894,3.82
depth,0.35_0.8,4,d2,0.956,0.9735,4.44
tune,0.35_0.8,4,lr:0.001|do:0.0|h:64,0.9718,0.984,3.19
depth,0.35_0.8,4,d3,0.8757,0.9136,5.96
mcdepth,0.35_0.8,4,mc_d2,0.9305,0.9552,7.13
tune,0.35_0.8,4,lr:0.001|do:0.0|h:128,0.9718,0.984,3.85
tune,0.35_0.8,4,lr:0.01|do:0.0|h:64,0.9634,0.9788,3.04
tune,0.35_0.8,4,lr:0.001|do:0.5|h:128,0.9765,0.9867,3.8
mcdepth,0.35_0.8,4,mc_d3,0.9107,0.9422,9.62
tune,0.35_0.8,4,lr:0.01|do:0.5|h:64,0.9597,0.9761,3.04
tune,0.35_0.8,4,lr:0.01|do:0.0|h:128,0.9728,0.9841,3.97
tune,0.35_0.8,4,lr:0.01|do:0.5|h:128,0.9681,0.9814,3.77
depth,0.35_1.0,0,d2,0.9443,0.9656,4.47
tune,0.35_1.0,0,lr:0.001|do:0.0|h:64,0.9775,0.9867,3.12
depth,0.35_1.0,0,d3,0.9342,0.9578,5.65
mcdepth,0.35_1.0,0,mc_d2,0.9353,0.9578,7.03
tune,0.35_1.0,0,lr:0.001|do:0.0|h:128,0.9738,0.9841,3.88
tune,0.35_1.0,0,lr:0.01|do:0.0|h:64,0.9634,0.9761,3.08
tune,0.35_1.0,0,lr:0.001|do:0.5|h:128,0.9822,0.9894,3.77
mcdepth,0.35_1.0,0,mc_d3,0.9139,0.9447,9.55
tune,0.35_1.0,0,lr:0.01|do:0.0|h:128,0.9742,0.9841,3.96
tune,0.35_1.0,0,lr:0.01|do:0.5|h:64,0.9598,0.9735,3.18
tune,0.35_1.0,0,lr:0.01|do:0.5|h:128,0.9822,0.9894,3.83
depth,0.35_1.0,1,d2,0.9691,0.9814,4.48
tune,0.35_1.0,1,lr:0.001|do:0.0|h:64,0.9953,0.9973,3.16
depth,0.35_1.0,1,d3,0.9035,0.937,6.1
mcdepth,0.35_1.0,1,mc_d2,0.9527,0.9709,7.07
tune,0.35_1.0,1,lr:0.001|do:0.0|h:128,0.9906,0.9947,3.83
tune,0.35_1.0,1,lr:0.001|do:0.5|h:128,0.9953,0.9973,3.79
tune,0.35_1.0,1,lr:0.01|do:0.0|h:64,0.9775,0.9867,3.22
mcdepth,0.35_1.0,1,mc_d3,0.92,0.9474,9.74
tune,0.35_1.0,1,lr:0.01|do:0.5|h:64,0.8191,0.8684,3.08
tune,0.35_1.0,1,lr:0.01|do:0.0|h:128,0.9765,0.9867,4.01
tune,0.35_1.0,1,lr:0.01|do:0.5|h:128,0.9906,0.9947,3.81
depth,0.35_1.0,2,d2,0.9533,0.9708,4.61
depth,0.35_1.0,2,d3,0.9406,0.963,5.79
tune,0.35_1.0,2,lr:0.001|do:0.0|h:64,0.9869,0.992,3.16
mcdepth,0.35_1.0,2,mc_d2,0.9597,0.9761,7.09
tune,0.35_1.0,2,lr:0.001|do:0.0|h:128,0.9869,0.992,3.9
tune,0.35_1.0,2,lr:0.01|do:0.0|h:64,0.9869,0.992,3.16
tune,0.35_1.0,2,lr:0.001|do:0.5|h:128,0.9906,0.9947,3.79
mcdepth,0.35_1.0,2,mc_d3,0.895,0.9292,9.62
tune,0.35_1.0,2,lr:0.01|do:0.0|h:128,0.9869,0.992,4.02
tune,0.35_1.0,2,lr:0.01|do:0.5|h:64,0.9869,0.992,3.17
tune,0.35_1.0,2,lr:0.01|do:0.5|h:128,0.9741,0.984,3.83
depth,0.35_1.0,3,d2,0.9439,0.963,4.37
tune,0.35_1.0,3,lr:0.001|do:0.0|h:64,0.9953,0.9973,3.12
depth,0.35_1.0,3,d3,0.9231,0.9474,6.18
mcdepth,0.35_1.0,3,mc_d2,0.9822,0.9894,7.09
tune,0.35_1.0,3,lr:0.001|do:0.0|h:128,0.9953,0.9973,3.8
tune,0.35_1.0,3,lr:0.001|do:0.5|h:128,0.9953,0.9973,3.81
tune,0.35_1.0,3,lr:0.01|do:0.0|h:64,0.9953,0.9973,3.25
mcdepth,0.35_1.0,3,mc_d3,0.9356,0.9578,9.5
tune,0.35_1.0,3,lr:0.01|do:0.5|h:64,0.9953,0.9973,3.05
tune,0.35_1.0,3,lr:0.01|do:0.0|h:128,0.9953,0.9973,3.99
tune,0.35_1.0,3,lr:0.01|do:0.5|h:128,0.9869,0.992,3.84
depth,0.35_1.0,4,d2,0.9644,0.9788,4.69
depth,0.35_1.0,4,d3,0.908,0.9368,5.62
tune,0.35_1.0,4,lr:0.001|do:0.0|h:64,0.9765,0.9867,3.14
mcdepth,0.35_1.0,4,mc_d2,0.9494,0.9682,7.02
tune,0.35_1.0,4,lr:0.001|do:0.0|h:128,0.9765,0.9867,3.95
tune,0.35_1.0,4,lr:0.01|do:0.0|h:64,0.9728,0.9841,3.14
tune,0.35_1.0,4,lr:0.001|do:0.5|h:128,0.9812,0.9894,3.82
mcdepth,0.35_1.0,4,mc_d3,0.9178,0.9473,9.78
tune,0.35_1.0,4,lr:0.01|do:0.0|h:128,0.9859,0.992,4.04
tune,0.35_1.0,4,lr:0.01|do:0.5|h:64,0.9654,0.9787,3.21
tune,0.35_1.0,4,lr:0.01|do:0.5|h:128,0.9775,0.9867,3.87
depth,0.35_1.5,0,d2,0.9611,0.9761,4.44
tune,0.35_1.5,0,lr:0.001|do:0.0|h:64,0.9916,0.9947,3.14
depth,0.35_1.5,0,d3,0.9406,0.963,6.0
mcdepth,0.35_1.5,0,mc_d2,0.9644,0.9787,7.05
tune,0.35_1.5,0,lr:0.001|do:0.0|h:128,0.9883,0.992,3.79
tune,0.35_1.5,0,lr:0.01|do:0.0|h:64,0.9721,0.9814,3.18
tune,0.35_1.5,0,lr:0.001|do:0.5|h:128,0.9906,0.9947,3.83
tune,0.35_1.5,0,lr:0.01|do:0.5|h:64,0.9822,0.9893,3.11
mcdepth,0.35_1.5,0,mc_d3,0.8929,0.9267,9.62
tune,0.35_1.5,0,lr:0.01|do:0.0|h:128,0.9916,0.9947,3.97
tune,0.35_1.5,0,lr:0.01|do:0.5|h:128,0.9674,0.9788,3.94
depth,0.35_1.5,1,d2,0.9822,0.9893,4.43
tune,0.35_1.5,1,lr:0.001|do:0.0|h:64,0.9953,0.9973,3.19
depth,0.35_1.5,1,d3,0.9389,0.9604,6.19
mcdepth,0.35_1.5,1,mc_d2,0.9765,0.9867,6.8
tune,0.35_1.5,1,lr:0.001|do:0.0|h:128,0.9953,0.9973,3.83
tune,0.35_1.5,1,lr:0.01|do:0.0|h:64,0.9906,0.9947,3.19
mcdepth,0.35_1.5,1,mc_d3,0.9231,0.95,9.6
tune,0.35_1.5,1,lr:0.001|do:0.5|h:128,1.0,1.0,3.84
tune,0.35_1.5,1,lr:0.01|do:0.0|h:128,0.9869,0.992,3.86
tune,0.35_1.5,1,lr:0.01|do:0.5|h:64,0.8411,0.8885,3.11
tune,0.35_1.5,1,lr:0.01|do:0.5|h:128,0.9869,0.992,3.96
depth,0.35_1.5,2,d2,0.9528,0.9683,4.71
depth,0.35_1.5,2,d3,0.9256,0.9474,5.85
tune,0.35_1.5,2,lr:0.001|do:0.0|h:64,0.9953,0.9973,3.13
mcdepth,0.35_1.5,2,mc_d2,0.9091,0.9396,6.82
tune,0.35_1.5,2,lr:0.001|do:0.0|h:128,0.9869,0.992,3.89
tune,0.35_1.5,2,lr:0.01|do:0.0|h:64,0.9916,0.9947,3.09
tune,0.35_1.5,2,lr:0.001|do:0.5|h:128,0.9906,0.9947,3.85
mcdepth,0.35_1.5,2,mc_d3,0.889,0.9242,9.73
tune,0.35_1.5,2,lr:0.01|do:0.0|h:128,0.8753,0.9063,3.91
tune,0.35_1.5,2,lr:0.01|do:0.5|h:64,0.9627,0.9761,3.2
tune,0.35_1.5,2,lr:0.01|do:0.5|h:128,0.8131,0.8635,3.86
depth,0.35_1.5,3,d2,0.9467,0.963,4.45
depth,0.35_1.5,3,d3,0.9453,0.963,5.94
tune,0.35_1.5,3,lr:0.001|do:0.0|h:64,1.0,1.0,3.14
mcdepth,0.35_1.5,3,mc_d2,0.9859,0.992,7.23
tune,0.35_1.5,3,lr:0.001|do:0.0|h:128,0.9953,0.9973,3.85
tune,0.35_1.5,3,lr:0.01|do:0.0|h:64,1.0,1.0,3.13
tune,0.35_1.5,3,lr:0.001|do:0.5|h:128,1.0,1.0,3.9
mcdepth,0.35_1.5,3,mc_d3,0.9164,0.9473,9.7
tune,0.35_1.5,3,lr:0.01|do:0.0|h:128,0.9916,0.9947,3.95
tune,0.35_1.5,3,lr:0.01|do:0.5|h:64,0.9789,0.9867,3.13
tune,0.35_1.5,3,lr:0.01|do:0.5|h:128,0.9916,0.9947,3.88
depth,0.35_1.5,4,d2,0.942,0.9629,4.54
tune,0.35_1.5,4,lr:0.001|do:0.0|h:64,0.9869,0.992,3.15
depth,0.35_1.5,4,d3,0.9229,0.9498,5.78
mcdepth,0.35_1.5,4,mc_d2,0.9859,0.992,7.15
tune,0.35_1.5,4,lr:0.001|do:0.0|h:128,0.9869,0.992,3.91
tune,0.35_1.5,4,lr:0.01|do:0.0|h:64,0.9705,0.9814,3.14
tune,0.35_1.5,4,lr:0.001|do:0.5|h:128,0.9859,0.992,3.87
mcdepth,0.35_1.5,4,mc_d3,0.9403,0.9604,9.62
tune,0.35_1.5,4,lr:0.01|do:0.5|h:64,0.9598,0.9735,3.16
tune,0.35_1.5,4,lr:0.01|do:0.0|h:128,0.9953,0.9973,3.97
tune,0.35_1.5,4,lr:0.01|do:0.5|h:128,0.9775,0.9867,3.85
depth,0.45_0.0,0,d2,0.0205,0.0149,4.43
tune,0.45_0.0,0,lr:0.001|do:0.0|h:64,0.024,0.019,3.16
depth,0.45_0.0,0,d3,0.044,0.035,5.75
mcdepth,0.45_0.0,0,mc_d2,0.0079,0.0,6.95
tune,0.45_0.0,0,lr:0.001|do:0.0|h:128,0.0454,0.0421,3.79
tune,0.45_0.0,0,lr:0.01|do:0.0|h:64,0.0362,0.0304,3.08
tune,0.45_0.0,0,lr:0.001|do:0.5|h:128,0.0249,0.0205,3.82
mcdepth,0.45_0.0,0,mc_d3,0.2205,0.2145,9.49
tune,0.45_0.0,0,lr:0.01|do:0.0|h:128,0.0415,0.0379,3.89
tune,0.45_0.0,0,lr:0.01|do:0.5|h:64,0.0544,0.0479,3.07
tune,0.45_0.0,0,lr:0.01|do:0.5|h:128,0.0546,0.0537,3.87
depth,0.45_0.0,1,d2,0.0189,0.0154,4.38
depth,0.45_0.0,1,d3,0.057,0.0485,5.6
tune,0.45_0.0,1,lr:0.001|do:0.0|h:64,0.0209,0.0161,3.17
mcdepth,0.45_0.0,1,mc_d2,0.0,0.0,6.98
tune,0.45_0.0,1,lr:0.001|do:0.0|h:128,0.0107,0.007,3.82
tune,0.45_0.0,1,lr:0.01|do:0.0|h:64,0.0226,0.0184,3.11
tune,0.45_0.0,1,lr:0.001|do:0.5|h:128,0.0143,0.0098,3.75
mcdepth,0.45_0.0,1,mc_d3,0.1307,0.1202,9.61
tune,0.45_0.0,1,lr:0.01|do:0.5|h:64,0.0361,0.0319,3.06
tune,0.45_0.0,1,lr:0.01|do:0.0|h:128,0.0174,0.0131,3.9
tune,0.45_0.0,1,lr:0.01|do:0.5|h:128,0.0116,0.0075,3.84
depth,0.45_0.0,2,d2,0.0347,0.0285,4.28
tune,0.45_0.0,2,lr:0.001|do:0.0|h:64,0.0216,0.0181,3.13
depth,0.45_0.0,2,d3,0.0549,0.0479,5.66
mcdepth,0.45_0.0,2,mc_d2,0.002,0.0,6.98
tune,0.45_0.0,2,lr:0.001|do:0.0|h:128,0.0181,0.0134,3.77
tune,0.45_0.0,2,lr:0.01|do:0.0|h:64,0.0206,0.0175,3.11
tune,0.45_0.0,2,lr:0.001|do:0.5|h:128,0.0204,0.0148,3.83
mcdepth,0.45_0.0,2,mc_d3,0.1381,0.1258,9.37
tune,0.45_0.0,2,lr:0.01|do:0.5|h:64,0.0327,0.0271,3.05
tune,0.45_0.0,2,lr:0.01|do:0.0|h:128,0.0197,0.0146,3.89
tune,0.45_0.0,2,lr:0.01|do:0.5|h:128,0.0114,0.0075,3.84
depth,0.45_0.0,3,d2,0.0277,0.0226,4.48
depth,0.45_0.0,3,d3,0.064,0.0543,5.54
tune,0.45_0.0,3,lr:0.001|do:0.0|h:64,0.0319,0.0269,3.15
mcdepth,0.45_0.0,3,mc_d2,0.0,0.0,6.95
tune,0.45_0.0,3,lr:0.001|do:0.0|h:128,0.0207,0.0159,3.86
tune,0.45_0.0,3,lr:0.01|do:0.0|h:64,0.0351,0.0295,3.13
tune,0.45_0.0,3,lr:0.001|do:0.5|h:128,0.0263,0.0203,3.75
mcdepth,0.45_0.0,3,mc_d3,0.2532,0.241,9.71
tune,0.45_0.0,3,lr:0.01|do:0.0|h:128,0.0424,0.0343,3.91
tune,0.45_0.0,3,lr:0.01|do:0.5|h:64,0.0723,0.0619,3.16
tune,0.45_0.0,3,lr:0.01|do:0.5|h:128,0.0371,0.0311,3.84
depth,0.45_0.0,4,d2,0.025,0.0209,4.39
tune,0.45_0.0,4,lr:0.001|do:0.0|h:64,0.0163,0.0122,3.12
depth,0.45_0.0,4,d3,0.0502,0.0452,5.92
mcdepth,0.45_0.0,4,mc_d2,0.0,0.0,7.07
tune,0.45_0.0,4,lr:0.001|do:0.0|h:128,0.0081,0.0042,3.68
tune,0.45_0.0,4,lr:0.01|do:0.0|h:64,0.0212,0.0171,3.08
tune,0.45_0.0,4,lr:0.001|do:0.5|h:128,0.0188,0.0142,3.79
tune,0.45_0.0,4,lr:0.01|do:0.5|h:64,0.0346,0.0284,2.95
mcdepth,0.45_0.0,4,mc_d3,0.2332,0.2295,9.55
tune,0.45_0.0,4,lr:0.01|do:0.0|h:128,0.0134,0.0089,3.9
tune,0.45_0.0,4,lr:0.01|do:0.5|h:128,0.0216,0.0162,3.82
depth,0.45_0.2,0,d2,0.6217,0.6719,4.36
tune,0.45_0.2,0,lr:0.001|do:0.0|h:64,0.585,0.6247,3.17
depth,0.45_0.2,0,d3,0.7617,0.8154,6.01
mcdepth,0.45_0.2,0,mc_d2,0.5682,0.5519,6.57
tune,0.45_0.2,0,lr:0.001|do:0.0|h:128,0.4277,0.4354,3.84
tune,0.45_0.2,0,lr:0.01|do:0.0|h:64,0.5776,0.6088,3.37
tune,0.45_0.2,0,lr:0.001|do:0.5|h:128,0.4532,0.4755,3.92
mcdepth,0.45_0.2,0,mc_d3,0.6003,0.5853,9.75
tune,0.45_0.2,0,lr:0.01|do:0.0|h:128,0.6529,0.7089,3.9
tune,0.45_0.2,0,lr:0.01|do:0.5|h:64,0.6547,0.7045,3.26
tune,0.45_0.2,0,lr:0.01|do:0.5|h:128,0.6699,0.7199,4.02
depth,0.45_0.2,1,d2,0.7048,0.7652,4.53
depth,0.45_0.2,1,d3,0.7792,0.8342,5.85
tune,0.45_0.2,1,lr:0.001|do:0.0|h:64,0.4173,0.4141,3.38
mcdepth,0.45_0.2,1,mc_d2,0.7688,0.8245,7.16
tune,0.45_0.2,1,lr:0.001|do:0.0|h:128,0.4139,0.4138,3.94
tune,0.45_0.2,1,lr:0.001|do:0.5|h:128,0.5772,0.63,3.95
tune,0.45_0.2,1,lr:0.01|do:0.0|h:64,0.4417,0.4142,3.38
mcdepth,0.45_0.2,1,mc_d3,0.8201,0.8709,9.63
tune,0.45_0.2,1,lr:0.01|do:0.0|h:128,0.477,0.477,4.08
tune,0.45_0.2,1,lr:0.01|do:0.5|h:64,0.6706,0.7308,3.22
tune,0.45_0.2,1,lr:0.01|do:0.5|h:128,0.705,0.7613,3.85
depth,0.45_0.2,2,d2,0.6136,0.6746,4.65
tune,0.45_0.2,2,lr:0.001|do:0.0|h:64,0.5683,0.6272,3.1
mcdepth,0.45_0.2,2,mc_d2,0.7513,0.8079,6.94
depth,0.45_0.2,2,d3,0.6831,0.7427,5.98
tune,0.45_0.2,2,lr:0.001|do:0.0|h:128,0.527,0.581,3.96
tune,0.45_0.2,2,lr:0.01|do:0.0|h:64,0.6215,0.6817,3.24
mcdepth,0.45_0.2,2,mc_d3,0.7864,0.8393,9.13
tune,0.45_0.2,2,lr:0.001|do:0.5|h:128,0.5264,0.5818,3.78
tune,0.45_0.2,2,lr:0.01|do:0.0|h:128,0.6147,0.6725,3.96
tune,0.45_0.2,2,lr:0.01|do:0.5|h:64,0.6146,0.6766,3.26
tune,0.45_0.2,2,lr:0.01|do:0.5|h:128,0.6207,0.678,3.92
depth,0.45_0.2,3,d2,0.7665,0.8221,4.53
depth,0.45_0.2,3,d3,0.827,0.8735,6.07
mcdepth,0.45_0.2,3,mc_d2,0.7919,0.8441,6.65
tune,0.45_0.2,3,lr:0.001|do:0.0|h:64,0.7839,0.8389,3.22
tune,0.45_0.2,3,lr:0.001|do:0.0|h:128,0.7404,0.7984,3.85
tune,0.45_0.2,3,lr:0.01|do:0.0|h:64,0.8049,0.8539,3.08
tune,0.45_0.2,3,lr:0.001|do:0.5|h:128,0.719,0.7766,3.96
mcdepth,0.45_0.2,3,mc_d3,0.8417,0.8862,9.56
tune,0.45_0.2,3,lr:0.01|do:0.0|h:128,0.799,0.8514,3.82
tune,0.45_0.2,3,lr:0.01|do:0.5|h:64,0.7894,0.8416,3.16
tune,0.45_0.2,3,lr:0.01|do:0.5|h:128,0.8036,0.854,3.83
depth,0.45_0.2,4,d2,0.7068,0.762,4.69
depth,0.45_0.2,4,d3,0.777,0.8298,5.76
tune,0.45_0.2,4,lr:0.001|do:0.0|h:64,0.6816,0.7389,3.13
mcdepth,0.45_0.2,4,mc_d2,0.8073,0.8565,7.08
tune,0.45_0.2,4,lr:0.001|do:0.0|h:128,0.3944,0.3851,4.01
tune,0.45_0.2,4,lr:0.01|do:0.0|h:64,0.735,0.7911,3.17
tune,0.45_0.2,4,lr:0.001|do:0.5|h:128,0.6507,0.7072,3.92
mcdepth,0.45_0.2,4,mc_d3,0.8314,0.8788,9.37
tune,0.45_0.2,4,lr:0.01|do:0.0|h:128,0.3299,0.2967,3.99
tune,0.45_0.2,4,lr:0.01|do:0.5|h:64,0.7173,0.7748,3.32
tune,0.45_0.2,4,lr:0.01|do:0.5|h:128,0.7057,0.7633,3.94
depth,0.45_0.35,0,d2,0.8825,0.919,4.48
tune,0.45_0.35,0,lr:0.001|do:0.0|h:64,0.8853,0.9194,3.27
mcdepth,0.45_0.35,0,mc_d2,0.878,0.9121,6.81
depth,0.45_0.35,0,d3,0.9154,0.9425,6.04
tune,0.45_0.35,0,lr:0.001|do:0.0|h:128,0.841,0.884,3.89
tune,0.45_0.35,0,lr:0.01|do:0.0|h:64,0.8962,0.927,3.18
tune,0.45_0.35,0,lr:0.001|do:0.5|h:128,0.8495,0.8871,3.88
tune,0.45_0.35,0,lr:0.01|do:0.0|h:128,0.8831,0.9169,3.94
tune,0.45_0.35,0,lr:0.01|do:0.5|h:64,0.8669,0.9066,3.14
mcdepth,0.45_0.35,0,mc_d3,0.8965,0.9318,9.73
tune,0.45_0.35,0,lr:0.01|do:0.5|h:128,0.8826,0.917,3.92
depth,0.45_0.35,1,d2,0.8845,0.9214,4.56
depth,0.45_0.35,1,d3,0.9049,0.937,5.8
tune,0.45_0.35,1,lr:0.001|do:0.0|h:64,0.894,0.9291,3.2
mcdepth,0.45_0.35,1,mc_d2,0.8958,0.9318,7.1
tune,0.45_0.35,1,lr:0.001|do:0.0|h:128,0.8859,0.9214,3.87
tune,0.45_0.35,1,lr:0.01|do:0.0|h:64,0.8796,0.9188,3.21
tune,0.45_0.35,1,lr:0.001|do:0.5|h:128,0.8517,0.896,3.9
mcdepth,0.45_0.35,1,mc_d3,0.8845,0.924,9.75
tune,0.45_0.35,1,lr:0.01|do:0.5|h:64,0.8897,0.9266,3.18
tune,0.45_0.35,1,lr:0.01|do:0.0|h:128,0.8923,0.9265,3.99
tune,0.45_0.35,1,lr:0.01|do:0.5|h:128,0.8802,0.9189,3.93
depth,0.45_0.35,2,d2,0.8803,0.919,4.45
tune,0.45_0.35,2,lr:0.001|do:0.0|h:64,0.8457,0.8912,3.21
depth,0.45_0.35,2,d3,0.9131,0.9447,5.76
mcdepth,0.45_0.35,2,mc_d2,0.9028,0.9346,7.03
tune,0.45_0.35,2,lr:0.001|do:0.0|h:128,0.8679,0.9088,3.87
tune,0.45_0.35,2,lr:0.01|do:0.0|h:64,0.8967,0.9295,3.18
tune,0.45_0.35,2,lr:0.001|do:0.5|h:128,0.8304,0.8763,3.9
mcdepth,0.45_0.35,2,mc_d3,0.9075,0.9396,9.64
tune,0.45_0.35,2,lr:0.01|do:0.0|h:128,0.8882,0.9241,3.94
tune,0.45_0.35,2,lr:0.01|do:0.5|h:64,0.892,0.9268,3.18
tune,0.45_0.35,2,lr:0.01|do:0.5|h:128,0.8901,0.9267,3.88
depth,0.45_0.35,3,d2,0.9406,0.963,4.59
depth,0.45_0.35,3,d3,0.9466,0.9682,6.06
tune,0.45_0.35,3,lr:0.001|do:0.0|h:64,0.9162,0.9447,3.18
mcdepth,0.45_0.35,3,mc_d2,0.9466,0.9682,7.1
tune,0.45_0.35,3,lr:0.001|do:0.0|h:128,0.9225,0.9499,3.92
tune,0.45_0.35,3,lr:0.01|do:0.0|h:64,0.9359,0.9603,3.17
mcdepth,0.45_0.35,3,mc_d3,0.9349,0.9603,9.62
tune,0.45_0.35,3,lr:0.001|do:0.5|h:128,0.9262,0.9525,3.98
tune,0.45_0.35,3,lr:0.01|do:0.0|h:128,0.9349,0.9603,3.97
tune,0.45_0.35,3,lr:0.01|do:0.5|h:64,0.9349,0.9603,3.23
tune,0.45_0.35,3,lr:0.01|do:0.5|h:128,0.9443,0.9656,3.94
depth,0.45_0.35,4,d2,0.9088,0.9396,4.6
tune,0.45_0.35,4,lr:0.001|do:0.0|h:64,0.913,0.94,3.22
depth,0.45_0.35,4,d3,0.9108,0.9398,6.13
mcdepth,0.45_0.35,4,mc_d2,0.9068,0.9396,7.12
tune,0.45_0.35,4,lr:0.001|do:0.0|h:128,0.9073,0.9372,3.93
tune,0.45_0.35,4,lr:0.01|do:0.0|h:64,0.9113,0.9422,3.32
tune,0.45_0.35,4,lr:0.001|do:0.5|h:128,0.8804,0.9167,3.95
mcdepth,0.45_0.35,4,mc_d3,0.9039,0.937,9.37
tune,0.45_0.35,4,lr:0.01|do:0.0|h:128,0.9005,0.9344,3.99
tune,0.45_0.35,4,lr:0.01|do:0.5|h:64,0.9112,0.9421,3.21
tune,0.45_0.35,4,lr:0.01|do:0.5|h:128,0.9038,0.937,3.95
depth,0.45_0.5,0,d2,0.9541,0.9709,4.44
depth,0.45_0.5,0,d3,0.9442,0.9631,6.06
mcdepth,0.45_0.5,0,mc_d2,0.9416,0.9631,6.74
tune,0.45_0.5,0,lr:0.001|do:0.0|h:64,0.9594,0.9736,3.28
tune,0.45_0.5,0,lr:0.001|do:0.0|h:128,0.9504,0.9683,3.88
tune,0.45_0.5,0,lr:0.01|do:0.0|h:64,0.9671,0.9788,3.21
mcdepth,0.45_0.5,0,mc_d3,0.9467,0.9657,9.22
tune,0.45_0.5,0,lr:0.001|do:0.5|h:128,0.9598,0.9735,3.97
tune,0.45_0.5,0,lr:0.01|do:0.0|h:128,0.9641,0.9762,3.95
tune,0.45_0.5,0,lr:0.01|do:0.5|h:64,0.9463,0.9657,3.18
tune,0.45_0.5,0,lr:0.01|do:0.5|h:128,0.9612,0.9736,3.93
depth,0.45_0.5,1,d2,0.9513,0.9708,4.41
depth,0.45_0.5,1,d3,0.9319,0.9551,6.04
tune,0.45_0.5,1,lr:0.001|do:0.0|h:64,0.9658,0.9787,3.23
mcdepth,0.45_0.5,1,mc_d2,0.948,0.9682,7.12
tune,0.45_0.5,1,lr:0.001|do:0.0|h:128,0.9658,0.9787,3.85
tune,0.45_0.5,1,lr:0.01|do:0.0|h:64,0.9621,0.9761,3.2
mcdepth,0.45_0.5,1,mc_d3,0.9276,0.9526,9.56
tune,0.45_0.5,1,lr:0.001|do:0.5|h:128,0.9467,0.9656,4.0
tune,0.45_0.5,1,lr:0.01|do:0.0|h:128,0.9611,0.9761,4.0
tune,0.45_0.5,1,lr:0.01|do:0.5|h:64,0.9527,0.9709,3.13
tune,0.45_0.5,1,lr:0.01|do:0.5|h:128,0.9348,0.9579,4.03
depth,0.45_0.5,2,d2,0.949,0.9682,4.55
tune,0.45_0.5,2,lr:0.001|do:0.0|h:64,0.9517,0.9709,3.35
depth,0.45_0.5,2,d3,0.9658,0.9788,6.12
mcdepth,0.45_0.5,2,mc_d2,0.9459,0.9656,7.0
tune,0.45_0.5,2,lr:0.001|do:0.0|h:128,0.9363,0.9604,3.91
mcdepth,0.45_0.5,2,mc_d3,0.9671,0.9814,9.17
tune,0.45_0.5,2,lr:0.01|do:0.0|h:64,0.9517,0.9709,3.3
tune,0.45_0.5,2,lr:0.001|do:0.5|h:128,0.9447,0.9656,3.99
tune,0.45_0.5,2,lr:0.01|do:0.0|h:128,0.9447,0.9656,3.93
tune,0.45_0.5,2,lr:0.01|do:0.5|h:64,0.9527,0.9709,3.2
tune,0.45_0.5,2,lr:0.01|do:0.5|h:128,0.9513,0.9708,3.81
depth,0.45_0.5,3,d2,0.9671,0.9814,4.72
depth,0.45_0.5,3,d3,0.9527,0.9708,6.01
tune,0.45_0.5,3,lr:0.001|do:0.0|h:64,0.9812,0.9893,3.13
mcdepth,0.45_0.5,3,mc_d2,0.9812,0.9893,7.14
tune,0.45_0.5,3,lr:0.001|do:0.0|h:128,0.9812,0.9893,3.99
tune,0.45_0.5,3,lr:0.01|do:0.0|h:64,0.9812,0.9893,3.09
tune,0.45_0.5,3,lr:0.001|do:0.5|h:128,0.9812,0.9893,3.99
mcdepth,0.45_0.5,3,mc_d3,0.9587,0.9761,9.58
tune,0.45_0.5,3,lr:0.01|do:0.0|h:128,0.9765,0.9867,3.98
tune,0.45_0.5,3,lr:0.01|do:0.5|h:64,0.9681,0.9814,3.33
tune,0.45_0.5,3,lr:0.01|do:0.5|h:128,0.9812,0.9893,3.84
depth,0.45_0.5,4,d2,0.9634,0.9787,4.66
tune,0.45_0.5,4,lr:0.001|do:0.0|h:64,0.9728,0.984,3.13
depth,0.45_0.5,4,d3,0.934,0.9578,6.2
mcdepth,0.45_0.5,4,mc_d2,0.955,0.9735,7.03
tune,0.45_0.5,4,lr:0.001|do:0.0|h:128,0.9611,0.9762,3.99
tune,0.45_0.5,4,lr:0.001|do:0.5|h:128,0.955,0.9735,3.83
tune,0.45_0.5,4,lr:0.01|do:0.0|h:64,0.9728,0.9841,3.33
tune,0.45_0.5,4,lr:0.01|do:0.0|h:128,0.9728,0.984,3.9
mcdepth,0.45_0.5,4,mc_d3,0.9406,0.963,9.86
tune,0.45_0.5,4,lr:0.01|do:0.5|h:64,0.9564,0.9734,3.31
tune,0.45_0.5,4,lr:0.01|do:0.5|h:128,0.9543,0.9708,3.85
depth,0.45_0.65,0,d2,0.9691,0.9814,4.74
tune,0.45_0.65,0,lr:0.001|do:0.0|h:64,0.9822,0.9893,3.08
depth,0.45_0.65,0,d3,0.9631,0.9762,6.08
mcdepth,0.45_0.65,0,mc_d2,0.9765,0.9867,6.98
tune,0.45_0.65,0,lr:0.001|do:0.0|h:128,0.9822,0.9893,4.0
tune,0.45_0.65,0,lr:0.01|do:0.0|h:64,0.9822,0.9893,3.3
tune,0.45_0.65,0,lr:0.001|do:0.5|h:128,0.9822,0.9893,3.82
mcdepth,0.45_0.65,0,mc_d3,0.9611,0.9761,9.74
tune,0.45_0.65,0,lr:0.01|do:0.0|h:128,0.9785,0.9867,3.89
tune,0.45_0.65,0,lr:0.01|do:0.5|h:64,0.9785,0.9867,3.34
tune,0.45_0.65,0,lr:0.01|do:0.5|h:128,0.9705,0.9814,3.99
depth,0.45_0.65,1,d2,0.9607,0.9761,4.38
tune,0.45_0.65,1,lr:0.001|do:0.0|h:64,0.9859,0.992,3.33
depth,0.45_0.65,1,d3,0.9319,0.9551,5.92
mcdepth,0.45_0.65,1,mc_d2,0.9681,0.9814,7.03
tune,0.45_0.65,1,lr:0.001|do:0.0|h:128,0.9906,0.9947,3.82
tune,0.45_0.65,1,lr:0.01|do:0.0|h:64,0.9775,0.9867,3.21
tune,0.45_0.65,1,lr:0.001|do:0.5|h:128,0.9869,0.992,4.0
tune,0.45_0.65,1,lr:0.01|do:0.5|h:64,0.9775,0.9867,3.11
mcdepth,0.45_0.65,1,mc_d3,0.9527,0.9709,9.83
tune,0.45_0.65,1,lr:0.01|do:0.0|h:128,0.9691,0.9814,3.92
tune,0.45_0.65,1,lr:0.01|do:0.5|h:128,0.9765,0.9867,3.94
depth,0.45_0.65,2,d2,0.9775,0.9867,4.74
tune,0.45_0.65,2,lr:0.001|do:0.0|h:64,0.9859,0.992,3.24
depth,0.45_0.65,2,d3,0.9704,0.9814,6.15
mcdepth,0.45_0.65,2,mc_d2,0.9812,0.9893,6.64
tune,0.45_0.65,2,lr:0.001|do:0.0|h:128,0.9906,0.9947,3.98
tune,0.45_0.65,2,lr:0.01|do:0.0|h:64,0.9859,0.992,3.33
tune,0.45_0.65,2,lr:0.001|do:0.5|h:128,0.9906,0.9947,3.95
mcdepth,0.45_0.65,2,mc_d3,0.9812,0.9893,9.57
tune,0.45_0.65,2,lr:0.01|do:0.0|h:128,0.9859,0.992,3.74
tune,0.45_0.65,2,lr:0.01|do:0.5|h:64,0.9775,0.9867,3.3
tune,0.45_0.65,2,lr:0.01|do:0.5|h:128,0.9906,0.9947,3.99
depth,0.45_0.65,3,d2,0.9812,0.9893,4.58
depth,0.45_0.65,3,d3,0.961,0.9761,5.72
tune,0.45_0.65,3,lr:0.001|do:0.0|h:64,0.9906,0.9947,3.33
mcdepth,0.45_0.65,3,mc_d2,0.9812,0.9893,7.04
tune,0.45_0.65,3,lr:0.001|do:0.0|h:128,0.9906,0.9947,3.88
tune,0.45_0.65,3,lr:0.001|do:0.5|h:128,0.9859,0.992,3.84
tune,0.45_0.65,3,lr:0.01|do:0.0|h:64,0.9906,0.9947,3.33
tune,0.45_0.65,3,lr:0.01|do:0.0|h:128,0.9906,0.9947,3.92
mcdepth,0.45_0.65,3,mc_d3,0.9718,0.984,9.79
tune,0.45_0.65,3,lr:0.01|do:0.5|h:64,0.9775,0.9867,3.23
tune,0.45_0.65,3,lr:0.01|do:0.5|h:128,0.9906,0.9947,3.8
depth,0.45_0.65,4,d2,0.9597,0.9761,4.76
tune,0.45_0.65,4,lr:0.001|do:0.0|h:64,0.9859,0.992,3.13
depth,0.45_0.65,4,d3,0.9443,0.9656,6.12
mcdepth,0.45_0.65,4,mc_d2,0.9718,0.984,7.06
tune,0.45_0.65,4,lr:0.001|do:0.0|h:128,0.9859,0.992,4.04
tune,0.45_0.65,4,lr:0.001|do:0.5|h:128,0.9859,0.992,3.97
tune,0.45_0.65,4,lr:0.01|do:0.0|h:64,0.9812,0.9893,3.33
mcdepth,0.45_0.65,4,mc_d3,0.9447,0.9656,9.66
tune,0.45_0.65,4,lr:0.01|do:0.0|h:128,0.9812,0.9893,4.01
tune,0.45_0.65,4,lr:0.01|do:0.5|h:64,0.9812,0.9894,3.34
tune,0.45_0.65,4,lr:0.01|do:0.5|h:128,0.9765,0.9867,3.91
depth,0.45_0.8,0,d2,0.9695,0.9814,4.71
tune,0.45_0.8,0,lr:0.001|do:0.0|h:64,0.9953,0.9973,3.14
depth,0.45_0.8,0,d3,0.9621,0.9762,6.01
mcdepth,0.45_0.8,0,mc_d2,1.0,1.0,6.95
tune,0.45_0.8,0,lr:0.001|do:0.0|h:128,0.9953,0.9973,4.0
tune,0.45_0.8,0,lr:0.01|do:0.0|h:64,0.9953,0.9973,3.21
tune,0.45_0.8,0,lr:0.001|do:0.5|h:128,0.9953,0.9973,3.87
mcdepth,0.45_0.8,0,mc_d3,0.9691,0.9814,9.75
tune,0.45_0.8,0,lr:0.01|do:0.0|h:128,1.0,1.0,3.93
tune,0.45_0.8,0,lr:0.01|do:0.5|h:64,0.9906,0.9947,3.29
tune,0.45_0.8,0,lr:0.01|do:0.5|h:128,0.9953,0.9973,3.97
depth,0.45_0.8,1,d2,0.9607,0.9761,4.46
depth,0.45_0.8,1,d3,0.958,0.9735,5.86
tune,0.45_0.8,1,lr:0.001|do:0.0|h:64,0.9859,0.992,3.26
mcdepth,0.45_0.8,1,mc_d2,0.9775,0.9867,7.1
tune,0.45_0.8,1,lr:0.001|do:0.0|h:128,0.9906,0.9947,3.9
tune,0.45_0.8,1,lr:0.01|do:0.0|h:64,0.9859,0.992,3.26
tune,0.45_0.8,1,lr:0.001|do:0.5|h:128,0.9953,0.9973,3.93
mcdepth,0.45_0.8,1,mc_d3,0.9597,0.9761,9.76
tune,0.45_0.8,1,lr:0.01|do:0.5|h:64,0.9681,0.9814,3.17
tune,0.45_0.8,1,lr:0.01|do:0.0|h:128,0.9822,0.9893,4.0
tune,0.45_0.8,1,lr:0.01|do:0.5|h:128,0.9906,0.9947,4.01
depth,0.45_0.8,2,d2,0.9859,0.992,4.56
depth,0.45_0.8,2,d3,0.9705,0.9814,5.79
tune,0.45_0.8,2,lr:0.001|do:0.0|h:64,1.0,1.0,3.27
mcdepth,0.45_0.8,2,mc_d2,1.0,1.0,7.05
tune,0.45_0.8,2,lr:0.001|do:0.0|h:128,1.0,1.0,3.91
tune,0.45_0.8,2,lr:0.01|do:0.0|h:64,1.0,1.0,3.27
tune,0.45_0.8,2,lr:0.001|do:0.5|h:128,0.9953,0.9973,3.88
mcdepth,0.45_0.8,2,mc_d3,0.9953,0.9973,9.68
tune,0.45_0.8,2,lr:0.01|do:0.0|h:128,0.9953,0.9973,3.97
tune,0.45_0.8,2,lr:0.01|do:0.5|h:64,1.0,1.0,3.23
tune,0.45_0.8,2,lr:0.01|do:0.5|h:128,1.0,1.0,3.98
depth,0.45_0.8,3,d2,0.9859,0.992,4.48
tune,0.45_0.8,3,lr:0.001|do:0.0|h:64,0.9953,0.9973,3.29
depth,0.45_0.8,3,d3,0.9644,0.9787,6.2
mcdepth,0.45_0.8,3,mc_d2,0.9906,0.9947,7.15
tune,0.45_0.8,3,lr:0.001|do:0.0|h:128,1.0,1.0,3.9
tune,0.45_0.8,3,lr:0.01|do:0.0|h:64,0.9953,0.9973,3.33
mcdepth,0.45_0.8,3,mc_d3,0.9765,0.9867,9.62
tune,0.45_0.8,3,lr:0.001|do:0.5|h:128,1.0,1.0,4.0
tune,0.45_0.8,3,lr:0.01|do:0.0|h:128,1.0,1.0,4.02
tune,0.45_0.8,3,lr:0.01|do:0.5|h:64,0.9859,0.992,3.23
tune,0.45_0.8,3,lr:0.01|do:0.5|h:128,0.9953,0.9973,4.01
depth,0.45_0.8,4,d2,0.9691,0.9813,4.6
depth,0.45_0.8,4,d3,0.9449,0.9656,6.15
tune,0.45_0.8,4,lr:0.001|do:0.0|h:64,0.9859,0.992,3.32
mcdepth,0.45_0.8,4,mc_d2,0.9859,0.992,7.04
tune,0.45_0.8,4,lr:0.001|do:0.0|h:128,0.9953,0.9973,3.95
tune,0.45_0.8,4,lr:0.01|do:0.0|h:64,0.9859,0.992,3.31
mcdepth,0.45_0.8,4,mc_d3,0.9597,0.9761,9.61
tune,0.45_0.8,4,lr:0.001|do:0.5|h:128,0.9953,0.9973,4.04
tune,0.45_0.8,4,lr:0.01|do:0.0|h:128,0.9953,0.9973,3.98
tune,0.45_0.8,4,lr:0.01|do:0.5|h:64,0.9953,0.9973,3.23
tune,0.45_0.8,4,lr:0.01|do:0.5|h:128,0.9906,0.9947,4.06
depth,0.45_1.0,0,d2,0.9785,0.9867,4.6
depth,0.45_1.0,0,d3,0.9748,0.9841,5.99
tune,0.45_1.0,0,lr:0.001|do:0.0|h:64,1.0,1.0,3.36
mcdepth,0.45_1.0,0,mc_d2,1.0,1.0,7.13
tune,0.45_1.0,0,lr:0.001|do:0.0|h:128,1.0,1.0,3.95
tune,0.45_1.0,0,lr:0.01|do:0.0|h:64,1.0,1.0,3.31
tune,0.45_1.0,0,lr:0.001|do:0.5|h:128,1.0,1.0,3.99
mcdepth,0.45_1.0,0,mc_d3,0.9765,0.9867,9.56
tune,0.45_1.0,0,lr:0.01|do:0.0|h:128,1.0,1.0,4.03
tune,0.45_1.0,0,lr:0.01|do:0.5|h:64,0.9869,0.992,3.23
tune,0.45_1.0,0,lr:0.01|do:0.5|h:128,0.9916,0.9947,4.0
depth,0.45_1.0,1,d2,0.9644,0.9787,4.6
depth,0.45_1.0,1,d3,0.958,0.9735,6.23
mcdepth,0.45_1.0,1,mc_d2,0.9906,0.9947,6.98
tune,0.45_1.0,1,lr:0.001|do:0.0|h:64,0.9906,0.9947,3.35
tune,0.45_1.0,1,lr:0.001|do:0.0|h:128,0.9953,0.9973,3.97
tune,0.45_1.0,1,lr:0.01|do:0.0|h:64,0.9906,0.9947,3.22
mcdepth,0.45_1.0,1,mc_d3,0.9728,0.984,9.71
tune,0.45_1.0,1,lr:0.001|do:0.5|h:128,0.9953,0.9973,4.0
tune,0.45_1.0,1,lr:0.01|do:0.0|h:128,0.9906,0.9947,3.95
tune,0.45_1.0,1,lr:0.01|do:0.5|h:64,0.9906,0.9947,3.23
tune,0.45_1.0,1,lr:0.01|do:0.5|h:128,0.9953,0.9973,3.97
depth,0.45_1.0,2,d2,0.9836,0.9894,4.54
depth,0.45_1.0,2,d3,0.9785,0.9867,6.06
tune,0.45_1.0,2,lr:0.001|do:0.0|h:64,1.0,1.0,3.23
mcdepth,0.45_1.0,2,mc_d2,1.0,1.0,7.09
tune,0.45_1.0,2,lr:0.001|do:0.0|h:128,1.0,1.0,3.88
tune,0.45_1.0,2,lr:0.01|do:0.0|h:64,1.0,1.0,3.23
mcdepth,0.45_1.0,2,mc_d3,1.0,1.0,9.59
tune,0.45_1.0,2,lr:0.001|do:0.5|h:128,1.0,1.0,3.93
tune,0.45_1.0,2,lr:0.01|do:0.0|h:128,1.0,1.0,3.99
tune,0.45_1.0,2,lr:0.01|do:0.5|h:64,1.0,1.0,3.17
tune,0.45_1.0,2,lr:0.01|do:0.5|h:128,1.0,1.0,3.91
depth,0.45_1.0,3,d2,0.9859,0.992,4.61
tune,0.45_1.0,3,lr:0.001|do:0.0|h:64,1.0,1.0,3.29
depth,0.45_1.0,3,d3,0.9644,0.9787,6.22
mcdepth,0.45_1.0,3,mc_d2,1.0,1.0,7.05
tune,0.45_1.0,3,lr:0.001|do:0.0|h:128,1.0,1.0,3.95
tune,0.45_1.0,3,lr:0.01|do:0.0|h:64,1.0,1.0,3.33
tune,0.45_1.0,3,lr:0.001|do:0.5|h:128,1.0,1.0,3.9
mcdepth,0.45_1.0,3,mc_d3,0.9691,0.9814,9.7
tune,0.45_1.0,3,lr:0.01|do:0.0|h:128,1.0,1.0,3.94
tune,0.45_1.0,3,lr:0.01|do:0.5|h:64,0.9953,0.9973,3.23
tune,0.45_1.0,3,lr:0.01|do:0.5|h:128,1.0,1.0,4.05
depth,0.45_1.0,4,d2,0.9812,0.9893,4.58
depth,0.45_1.0,4,d3,0.941,0.963,6.02
tune,0.45_1.0,4,lr:0.001|do:0.0|h:64,0.9953,0.9973,3.31
mcdepth,0.45_1.0,4,mc_d2,0.9906,0.9947,7.06
tune,0.45_1.0,4,lr:0.001|do:0.0|h:128,0.9953,0.9973,3.93
tune,0.45_1.0,4,lr:0.01|do:0.0|h:64,0.9906,0.9947,3.35
tune,0.45_1.0,4,lr:0.001|do:0.5|h:128,1.0,1.0,4.04
mcdepth,0.45_1.0,4,mc_d3,0.9718,0.984,9.72
tune,0.45_1.0,4,lr:0.01|do:0.0|h:128,0.9953,0.9973,3.92
tune,0.45_1.0,4,lr:0.01|do:0.5|h:64,0.9906,0.9947,3.28
tune,0.45_1.0,4,lr:0.01|do:0.5|h:128,0.9906,0.9947,4.04
depth,0.45_1.5,0,d2,0.9785,0.9867,4.63
depth,0.45_1.5,0,d3,0.9785,0.9867,5.94
tune,0.45_1.5,0,lr:0.001|do:0.0|h:64,1.0,1.0,3.37
mcdepth,0.45_1.5,0,mc_d2,1.0,1.0,7.05
tune,0.45_1.5,0,lr:0.001|do:0.0|h:128,1.0,1.0,3.98
tune,0.45_1.5,0,lr:0.001|do:0.5|h:128,1.0,1.0,3.93
tune,0.45_1.5,0,lr:0.01|do:0.0|h:64,1.0,1.0,3.37
mcdepth,0.45_1.5,0,mc_d3,0.9765,0.9867,9.62
tune,0.45_1.5,0,lr:0.01|do:0.0|h:128,0.9953,0.9973,3.97
tune,0.45_1.5,0,lr:0.01|do:0.5|h:64,0.9916,0.9947,3.28
tune,0.45_1.5,0,lr:0.01|do:0.5|h:128,0.9953,0.9973,4.02
depth,0.45_1.5,1,d2,0.9674,0.9788,4.82
depth,0.45_1.5,1,d3,0.9758,0.984,6.01
mcdepth,0.45_1.5,1,mc_d2,0.9906,0.9947,6.99
tune,0.45_1.5,1,lr:0.001|do:0.0|h:64,1.0,1.0,3.18
tune,0.45_1.5,1,lr:0.001|do:0.0|h:128,1.0,1.0,3.83
tune,0.45_1.5,1,lr:0.01|do:0.0|h:64,1.0,1.0,2.9
tune,0.45_1.5,1,lr:0.001|do:0.5|h:128,1.0,1.0,3.64
mcdepth,0.45_1.5,1,mc_d3,0.9775,0.9867,9.37
tune,0.45_1.5,1,lr:0.01|do:0.0|h:128,1.0,1.0,3.55
tune,0.45_1.5,1,lr:0.01|do:0.5|h:64,0.9641,0.9761,3.04
tune,0.45_1.5,1,lr:0.01|do:0.5|h:128,0.9869,0.992,3.68
depth,0.45_1.5,2,d2,0.9883,0.992,4.6
depth,0.45_1.5,2,d3,0.9768,0.9841,5.81
tune,0.45_1.5,2,lr:0.001|do:0.0|h:64,1.0,1.0,3.27
mcdepth,0.45_1.5,2,mc_d2,1.0,1.0,6.65
tune,0.45_1.5,2,lr:0.001|do:0.0|h:128,1.0,1.0,3.92
tune,0.45_1.5,2,lr:0.01|do:0.0|h:64,1.0,1.0,3.2
tune,0.45_1.5,2,lr:0.001|do:0.5|h:128,1.0,1.0,3.86
mcdepth,0.45_1.5,2,mc_d3,1.0,1.0,9.22
tune,0.45_1.5,2,lr:0.01|do:0.0|h:128,1.0,1.0,3.8
tune,0.45_1.5,2,lr:0.01|do:0.5|h:64,1.0,1.0,3.2
tune,0.45_1.5,2,lr:0.01|do:0.5|h:128,1.0,1.0,3.81
depth,0.45_1.5,3,d2,0.9859,0.992,4.57
depth,0.45_1.5,3,d3,0.9822,0.9893,5.75
tune,0.45_1.5,3,lr:0.001|do:0.0|h:64,1.0,1.0,3.16
mcdepth,0.45_1.5,3,mc_d2,1.0,1.0,6.74
tune,0.45_1.5,3,lr:0.001|do:0.0|h:128,1.0,1.0,3.84
tune,0.45_1.5,3,lr:0.01|do:0.0|h:64,1.0,1.0,3.15
tune,0.45_1.5,3,lr:0.001|do:0.5|h:128,1.0,1.0,3.81
tune,0.45_1.5,3,lr:0.01|do:0.0|h:128,0.9906,0.9947,3.82
mcdepth,0.45_1.5,3,mc_d3,0.9691,0.9814,9.52
tune,0.45_1.5,3,lr:0.01|do:0.5|h:64,1.0,1.0,3.19
tune,0.45_1.5,3,lr:0.01|do:0.5|h:128,1.0,1.0,3.86
depth,0.45_1.5,4,d2,0.9775,0.9867,4.62
tune,0.45_1.5,4,lr:0.001|do:0.0|h:64,1.0,1.0,3.08
depth,0.45_1.5,4,d3,0.9611,0.9761,5.86
mcdepth,0.45_1.5,4,mc_d2,0.9906,0.9947,6.85
tune,0.45_1.5,4,lr:0.001|do:0.0|h:128,1.0,1.0,3.92
tune,0.45_1.5,4,lr:0.01|do:0.0|h:64,1.0,1.0,3.12
tune,0.45_1.5,4,lr:0.001|do:0.5|h:128,1.0,1.0,4.09
mcdepth,0.45_1.5,4,mc_d3,0.9671,0.9814,9.81
tune,0.45_1.5,4,lr:0.01|do:0.5|h:64,0.9953,0.9973,3.27
tune,0.45_1.5,4,lr:0.01|do:0.0|h:128,0.9906,0.9947,3.95
tune,0.45_1.5,4,lr:0.01|do:0.5|h:128,0.9953,0.9973,4.07
depth,0.55_0.0,0,d2,0.111,0.0986,4.64
tune,0.55_0.0,0,lr:0.001|do:0.0|h:64,0.0943,0.0901,3.33
depth,0.55_0.0,0,d3,0.2555,0.2584,5.91
mcdepth,0.55_0.0,0,mc_d2,0.3714,0.3646,7.15
tune,0.55_0.0,0,lr:0.001|do:0.0|h:128,0.0541,0.0487,3.73
tune,0.55_0.0,0,lr:0.01|do:0.0|h:64,0.1274,0.1222,3.04
tune,0.55_0.0,0,lr:0.001|do:0.5|h:128,0.0509,0.043,3.8
mcdepth,0.55_0.0,0,mc_d3,0.5765,0.5781,9.67
tune,0.55_0.0,0,lr:0.01|do:0.5|h:64,0.1619,0.1642,3.09
tune,0.55_0.0,0,lr:0.01|do:0.0|h:128,0.0828,0.0761,3.84
tune,0.55_0.0,0,lr:0.01|do:0.5|h:128,0.1866,0.1974,3.74
depth,0.55_0.0,1,d2,0.0248,0.0203,4.26
tune,0.55_0.0,1,lr:0.001|do:0.0|h:64,0.0292,0.0244,3.06
depth,0.55_0.0,1,d3,0.0653,0.0554,5.57
mcdepth,0.55_0.0,1,mc_d2,0.2515,0.2282,6.87
tune,0.55_0.0,1,lr:0.001|do:0.0|h:128,0.0063,0.0028,3.77
tune,0.55_0.0,1,lr:0.01|do:0.0|h:64,0.0321,0.0273,3.05
tune,0.55_0.0,1,lr:0.001|do:0.5|h:128,0.0058,0.0022,3.76
mcdepth,0.55_0.0,1,mc_d3,0.4009,0.408,9.5
tune,0.55_0.0,1,lr:0.01|do:0.0|h:128,0.0122,0.0083,3.79
tune,0.55_0.0,1,lr:0.01|do:0.5|h:64,0.0436,0.0387,3.05
tune,0.55_0.0,1,lr:0.01|do:0.5|h:128,0.0329,0.0267,3.76
depth,0.55_0.0,2,d2,0.0687,0.0617,4.37
tune,0.55_0.0,2,lr:0.001|do:0.0|h:64,0.0209,0.0167,3.09
depth,0.55_0.0,2,d3,0.0695,0.0588,5.71
mcdepth,0.55_0.0,2,mc_d2,0.2088,0.1969,6.88
tune,0.55_0.0,2,lr:0.001|do:0.0|h:128,0.0179,0.0133,3.77
tune,0.55_0.0,2,lr:0.01|do:0.0|h:64,0.0269,0.0219,3.02
tune,0.55_0.0,2,lr:0.001|do:0.5|h:128,0.0378,0.0339,3.75
mcdepth,0.55_0.0,2,mc_d3,0.308,0.29,9.42
tune,0.55_0.0,2,lr:0.01|do:0.0|h:128,0.0287,0.0236,3.87
tune,0.55_0.0,2,lr:0.01|do:0.5|h:64,0.086,0.0776,3.06
tune,0.55_0.0,2,lr:0.01|do:0.5|h:128,0.0538,0.045,3.8
depth,0.55_0.0,3,d2,0.1419,0.1353,4.39
tune,0.55_0.0,3,lr:0.001|do:0.0|h:64,0.0307,0.0255,3.11
depth,0.55_0.0,3,d3,0.1621,0.1516,5.93
mcdepth,0.55_0.0,3,mc_d2,0.4439,0.4324,7.05
tune,0.55_0.0,3,lr:0.001|do:0.0|h:128,0.0631,0.0548,3.75
tune,0.55_0.0,3,lr:0.01|do:0.0|h:64,0.0414,0.0324,3.17
tune,0.55_0.0,3,lr:0.001|do:0.5|h:128,0.0676,0.0638,3.81
mcdepth,0.55_0.0,3,mc_d3,0.52,0.4959,9.48
tune,0.55_0.0,3,lr:0.01|do:0.5|h:64,0.1395,0.1298,3.1
tune,0.55_0.0,3,lr:0.01|do:0.0|h:128,0.0789,0.0694,4.0
tune,0.55_0.0,3,lr:0.01|do:0.5|h:128,0.16,0.1631,3.83
depth,0.55_0.0,4,d2,0.0682,0.0586,4.43
depth,0.55_0.0,4,d3,0.1512,0.1474,5.59
tune,0.55_0.0,4,lr:0.001|do:0.0|h:64,0.0103,0.0064,3.11
mcdepth,0.55_0.0,4,mc_d2,0.0068,0.0001,6.92
tune,0.55_0.0,4,lr:0.001|do:0.0|h:128,0.0105,0.0069,3.8
tune,0.55_0.0,4,lr:0.01|do:0.0|h:64,0.0126,0.0086,3.05
tune,0.55_0.0,4,lr:0.001|do:0.5|h:128,0.0098,0.0064,3.74
mcdepth,0.55_0.0,4,mc_d3,0.4289,0.4366,9.59
tune,0.55_0.0,4,lr:0.01|do:0.0|h:128,0.0131,0.0085,3.93
tune,0.55_0.0,4,lr:0.01|do:0.5|h:64,0.0489,0.04,3.1
tune,0.55_0.0,4,lr:0.01|do:0.5|h:128,0.06,0.0525,3.78
depth,0.55_0.2,0,d2,0.8156,0.866,4.28
tune,0.55_0.2,0,lr:0.001|do:0.0|h:64,0.7555,0.8065,3.1
depth,0.55_0.2,0,d3,0.8459,0.8934,6.11
mcdepth,0.55_0.2,0,mc_d2,0.8446,0.8889,6.99
tune,0.55_0.2,0,lr:0.001|do:0.0|h:128,0.7513,0.8058,3.75
tune,0.55_0.2,0,lr:0.01|do:0.0|h:64,0.7929,0.8419,3.18
tune,0.55_0.2,0,lr:0.001|do:0.5|h:128,0.7027,0.7526,3.8
mcdepth,0.55_0.2,0,mc_d3,0.9004,0.9369,9.34
tune,0.55_0.2,0,lr:0.01|do:0.5|h:64,0.807,0.8567,3.04
tune,0.55_0.2,0,lr:0.01|do:0.0|h:128,0.772,0.8207,3.98
tune,0.55_0.2,0,lr:0.01|do:0.5|h:128,0.7932,0.8419,3.91
depth,0.55_0.2,1,d2,0.8345,0.8811,4.38
depth,0.55_0.2,1,d3,0.8671,0.9063,5.59
mcdepth,0.55_0.2,1,mc_d2,0.9049,0.937,6.9
tune,0.55_0.2,1,lr:0.001|do:0.0|h:64,0.7872,0.8391,3.21
tune,0.55_0.2,1,lr:0.001|do:0.0|h:128,0.7913,0.8439,3.79
tune,0.55_0.2,1,lr:0.01|do:0.0|h:64,0.8453,0.8908,3.28
tune,0.55_0.2,1,lr:0.001|do:0.5|h:128,0.7586,0.8149,3.78
mcdepth,0.55_0.2,1,mc_d3,0.9322,0.9577,9.6
tune,0.55_0.2,1,lr:0.01|do:0.0|h:128,0.8301,0.8808,3.83
tune,0.55_0.2,1,lr:0.01|do:0.5|h:64,0.8133,0.8615,3.09
tune,0.55_0.2,1,lr:0.01|do:0.5|h:128,0.8009,0.8539,3.98
depth,0.55_0.2,2,d2,0.8237,0.8716,4.29
depth,0.55_0.2,2,d3,0.8588,0.899,5.84
tune,0.55_0.2,2,lr:0.001|do:0.0|h:64,0.757,0.8107,3.28
mcdepth,0.55_0.2,2,mc_d2,0.8722,0.9093,6.95
tune,0.55_0.2,2,lr:0.001|do:0.0|h:128,0.7613,0.815,3.79
tune,0.55_0.2,2,lr:0.001|do:0.5|h:128,0.6977,0.7468,3.81
mcdepth,0.55_0.2,2,mc_d3,0.8799,0.9143,9.36
tune,0.55_0.2,2,lr:0.01|do:0.0|h:64,0.7885,0.8377,3.21
tune,0.55_0.2,2,lr:0.01|do:0.5|h:64,0.7689,0.8229,3.03
tune,0.55_0.2,2,lr:0.01|do:0.0|h:128,0.7924,0.8422,3.96
tune,0.55_0.2,2,lr:0.01|do:0.5|h:128,0.7643,0.8145,3.84
depth,0.55_0.2,3,d2,0.8655,0.906,4.62
depth,0.55_0.2,3,d3,0.9349,0.9604,5.56
tune,0.55_0.2,3,lr:0.001|do:0.0|h:64,0.8831,0.9216,3.13
mcdepth,0.55_0.2,3,mc_d2,0.9476,0.9682,6.92
tune,0.55_0.2,3,lr:0.001|do:0.0|h:128,0.8812,0.9189,3.92
tune,0.55_0.2,3,lr:0.01|do:0.0|h:64,0.9025,0.9345,3.11
tune,0.55_0.2,3,lr:0.001|do:0.5|h:128,0.8394,0.8836,3.77
mcdepth,0.55_0.2,3,mc_d3,0.9634,0.9787,9.81
tune,0.55_0.2,3,lr:0.01|do:0.0|h:128,0.9108,0.9422,3.89
tune,0.55_0.2,3,lr:0.01|do:0.5|h:64,0.8909,0.9268,3.16
tune,0.55_0.2,3,lr:0.01|do:0.5|h:128,0.8952,0.9293,3.79
depth,0.55_0.2,4,d2,0.8528,0.8918,4.3
tune,0.55_0.2,4,lr:0.001|do:0.0|h:64,0.8201,0.8647,3.12
depth,0.55_0.2,4,d3,0.8911,0.922,5.99
mcdepth,0.55_0.2,4,mc_d2,0.9013,0.9321,7.21
tune,0.55_0.2,4,lr:0.001|do:0.0|h:128,0.8256,0.8695,3.74
tune,0.55_0.2,4,lr:0.01|do:0.0|h:64,0.8308,0.8723,3.2
tune,0.55_0.2,4,lr:0.001|do:0.5|h:128,0.7511,0.8025,3.84
mcdepth,0.55_0.2,4,mc_d3,0.9215,0.9499,9.52
tune,0.55_0.2,4,lr:0.01|do:0.5|h:64,0.8291,0.8721,3.06
tune,0.55_0.2,4,lr:0.01|do:0.0|h:128,0.8264,0.8675,4.03
tune,0.55_0.2,4,lr:0.01|do:0.5|h:128,0.823,0.8607,3.91
depth,0.55_0.35,0,d2,0.9379,0.9604,4.45
depth,0.55_0.35,0,d3,0.9503,0.9708,5.51
tune,0.55_0.35,0,lr:0.001|do:0.0|h:64,0.9392,0.9629,3.26
mcdepth,0.55_0.35,0,mc_d2,0.9493,0.9708,6.97
tune,0.55_0.35,0,lr:0.001|do:0.0|h:128,0.8685,0.9065,3.81
tune,0.55_0.35,0,lr:0.01|do:0.0|h:64,0.9409,0.9655,3.2
tune,0.55_0.35,0,lr:0.001|do:0.5|h:128,0.9028,0.937,3.76
mcdepth,0.55_0.35,0,mc_d3,0.9503,0.9708,9.82
tune,0.55_0.35,0,lr:0.01|do:0.5|h:64,0.9298,0.9577,3.14
tune,0.55_0.35,0,lr:0.01|do:0.0|h:128,0.9409,0.9655,3.94
tune,0.55_0.35,0,lr:0.01|do:0.5|h:128,0.9261,0.9551,3.92
depth,0.55_0.35,1,d2,0.9752,0.984,4.32
tune,0.55_0.35,1,lr:0.001|do:0.0|h:64,0.9563,0.9709,3.21
depth,0.55_0.35,1,d3,0.9752,0.9841,5.72
tune,0.55_0.35,1,lr:0.001|do:0.0|h:128,0.9422,0.963,3.76
mcdepth,0.55_0.35,1,mc_d2,0.9611,0.9761,7.16
tune,0.55_0.35,1,lr:0.01|do:0.0|h:64,0.9674,0.9788,3.09
tune,0.55_0.35,1,lr:0.001|do:0.5|h:128,0.9432,0.963,3.89
mcdepth,0.55_0.35,1,mc_d3,0.9644,0.9788,9.67
tune,0.55_0.35,1,lr:0.01|do:0.5|h:64,0.9705,0.9814,3.28
tune,0.55_0.35,1,lr:0.01|do:0.0|h:128,0.9705,0.9814,3.81
tune,0.55_0.35,1,lr:0.01|do:0.5|h:128,0.9668,0.9788,3.81
depth,0.55_0.35,2,d2,0.9406,0.963,4.37
tune,0.55_0.35,2,lr:0.001|do:0.0|h:64,0.9359,0.9603,3.15
depth,0.55_0.35,2,d3,0.957,0.9735,5.71
mcdepth,0.55_0.35,2,mc_d2,0.9319,0.9552,6.88
tune,0.55_0.35,2,lr:0.001|do:0.0|h:128,0.8982,0.9318,3.75
tune,0.55_0.35,2,lr:0.01|do:0.0|h:64,0.9406,0.963,3.1
tune,0.55_0.35,2,lr:0.001|do:0.5|h:128,0.9041,0.937,3.79
mcdepth,0.55_0.35,2,mc_d3,0.9494,0.9683,9.5
tune,0.55_0.35,2,lr:0.01|do:0.0|h:128,0.9322,0.9577,3.88
tune,0.55_0.35,2,lr:0.01|do:0.5|h:64,0.9389,0.9604,3.06
tune,0.55_0.35,2,lr:0.01|do:0.5|h:128,0.9426,0.9631,3.8
depth,0.55_0.35,3,d2,0.9812,0.9893,4.46
tune,0.55_0.35,3,lr:0.001|do:0.0|h:64,0.9775,0.9867,3.17
depth,0.55_0.35,3,d3,0.9859,0.992,5.97
mcdepth,0.55_0.35,3,mc_d2,0.9859,0.992,7.14
tune,0.55_0.35,3,lr:0.001|do:0.0|h:128,0.9775,0.9867,3.82
tune,0.55_0.35,3,lr:0.01|do:0.0|h:64,0.9859,0.992,3.09
tune,0.55_0.35,3,lr:0.001|do:0.5|h:128,0.9775,0.9867,3.81
mcdepth,0.55_0.35,3,mc_d3,0.9953,0.9973,9.75
tune,0.55_0.35,3,lr:0.01|do:0.0|h:128,0.9869,0.992,3.91
tune,0.55_0.35,3,lr:0.01|do:0.5|h:64,0.9859,0.992,3.13
tune,0.55_0.35,3,lr:0.01|do:0.5|h:128,0.9906,0.9947,3.8
depth,0.55_0.35,4,d2,0.9674,0.9788,4.42
tune,0.55_0.35,4,lr:0.001|do:0.0|h:64,0.9387,0.9581,3.04
depth,0.55_0.35,4,d3,0.9775,0.9867,5.88
mcdepth,0.55_0.35,4,mc_d2,0.961,0.9737,7.13
tune,0.55_0.35,4,lr:0.001|do:0.0|h:128,0.9301,0.9528,3.84
tune,0.55_0.35,4,lr:0.01|do:0.0|h:64,0.9742,0.9841,3.1
tune,0.55_0.35,4,lr:0.001|do:0.5|h:128,0.9443,0.9656,3.76
mcdepth,0.55_0.35,4,mc_d3,0.9635,0.9762,9.64
tune,0.55_0.35,4,lr:0.01|do:0.5|h:64,0.9705,0.9815,3.15
tune,0.55_0.35,4,lr:0.01|do:0.0|h:128,0.9768,0.9841,3.94
tune,0.55_0.35,4,lr:0.01|do:0.5|h:128,0.9691,0.9814,3.78
depth,0.55_0.5,0,d2,0.9859,0.992,4.34
tune,0.55_0.5,0,lr:0.001|do:0.0|h:64,0.9728,0.984,3.07
depth,0.55_0.5,0,d3,0.9671,0.9814,5.66
mcdepth,0.55_0.5,0,mc_d2,0.9718,0.984,7.1
tune,0.55_0.5,0,lr:0.001|do:0.0|h:128,0.9775,0.9867,3.78
tune,0.55_0.5,0,lr:0.01|do:0.0|h:64,0.9859,0.992,3.13
tune,0.55_0.5,0,lr:0.001|do:0.5|h:128,0.9625,0.9762,3.76
mcdepth,0.55_0.5,0,mc_d3,0.9456,0.9682,9.63
tune,0.55_0.5,0,lr:0.01|do:0.5|h:64,0.9671,0.9814,3.04
tune,0.55_0.5,0,lr:0.01|do:0.0|h:128,0.9953,0.9973,3.97
tune,0.55_0.5,0,lr:0.01|do:0.5|h:128,0.9812,0.9893,3.83
depth,0.55_0.5,1,d2,0.9869,0.992,4.36
tune,0.55_0.5,1,lr:0.001|do:0.0|h:64,0.9883,0.992,3.13
depth,0.55_0.5,1,d3,0.9869,0.992,5.61
mcdepth,0.55_0.5,1,mc_d2,0.9859,0.992,7.13
tune,0.55_0.5,1,lr:0.001|do:0.0|h:128,0.9883,0.992,3.78
tune,0.55_0.5,1,lr:0.01|do:0.0|h:64,0.9836,0.9894,3.05
tune,0.55_0.5,1,lr:0.001|do:0.5|h:128,0.9883,0.992,3.88
mcdepth,0.55_0.5,1,mc_d3,0.9859,0.992,9.89
tune,0.55_0.5,1,lr:0.01|do:0.5|h:64,0.9916,0.9947,3.09
tune,0.55_0.5,1,lr:0.01|do:0.0|h:128,0.9883,0.992,3.99
tune,0.55_0.5,1,lr:0.01|do:0.5|h:128,0.9916,0.9947,3.76
depth,0.55_0.5,2,d2,0.9728,0.984,4.42
tune,0.55_0.5,2,lr:0.001|do:0.0|h:64,0.9738,0.984,3.06
depth,0.55_0.5,2,d3,0.9607,0.9761,5.55
mcdepth,0.55_0.5,2,mc_d2,0.9775,0.9867,7.16
tune,0.55_0.5,2,lr:0.001|do:0.0|h:128,0.9691,0.9814,3.88
tune,0.55_0.5,2,lr:0.01|do:0.0|h:64,0.9681,0.9814,3.1
tune,0.55_0.5,2,lr:0.001|do:0.5|h:128,0.9728,0.984,3.8
mcdepth,0.55_0.5,2,mc_d3,0.9775,0.9867,9.78
tune,0.55_0.5,2,lr:0.01|do:0.5|h:64,0.9654,0.9787,3.16
tune,0.55_0.5,2,lr:0.01|do:0.0|h:128,0.9671,0.9814,4.0
tune,0.55_0.5,2,lr:0.01|do:0.5|h:128,0.9607,0.9761,3.77
depth,0.55_0.5,3,d2,0.9953,0.9973,4.35
tune,0.55_0.5,3,lr:0.001|do:0.0|h:64,1.0,1.0,3.04
depth,0.55_0.5,3,d3,0.9953,0.9973,5.71
tune,0.55_0.5,3,lr:0.001|do:0.0|h:128,1.0,1.0,3.71
mcdepth,0.55_0.5,3,mc_d2,1.0,1.0,7.13
tune,0.55_0.5,3,lr:0.001|do:0.5|h:128,1.0,1.0,3.7
tune,0.55_0.5,3,lr:0.01|do:0.0|h:64,0.9953,0.9973,3.09
tune,0.55_0.5,3,lr:0.01|do:0.5|h:64,0.9953,0.9973,3.27
mcdepth,0.55_0.5,3,mc_d3,1.0,1.0,9.7
tune,0.55_0.5,3,lr:0.01|do:0.0|h:128,0.9953,0.9973,3.64
tune,0.55_0.5,3,lr:0.01|do:0.5|h:128,1.0,1.0,3.7
depth,0.55_0.5,4,d2,0.9859,0.992,4.42
tune,0.55_0.5,4,lr:0.001|do:0.0|h:64,0.9906,0.9947,3.07
depth,0.55_0.5,4,d3,0.9812,0.9894,6.06
mcdepth,0.55_0.5,4,mc_d2,0.9906,0.9947,7.09
tune,0.55_0.5,4,lr:0.001|do:0.0|h:128,0.9859,0.992,3.78
tune,0.55_0.5,4,lr:0.001|do:0.5|h:128,0.9822,0.9894,3.74
mcdepth,0.55_0.5,4,mc_d3,0.9859,0.992,9.13
tune,0.55_0.5,4,lr:0.01|do:0.0|h:64,0.9869,0.992,3.25
tune,0.55_0.5,4,lr:0.01|do:0.5|h:64,0.9859,0.992,3.11
tune,0.55_0.5,4,lr:0.01|do:0.0|h:128,0.9906,0.9947,3.94
tune,0.55_0.5,4,lr:0.01|do:0.5|h:128,0.9906,0.9947,3.72
depth,0.55_0.65,0,d2,0.9906,0.9947,4.39
depth,0.55_0.65,0,d3,0.9812,0.9893,5.62
tune,0.55_0.65,0,lr:0.001|do:0.0|h:64,1.0,1.0,3.04
mcdepth,0.55_0.65,0,mc_d2,0.9906,0.9947,7.0
tune,0.55_0.65,0,lr:0.001|do:0.0|h:128,1.0,1.0,3.78
tune,0.55_0.65,0,lr:0.01|do:0.0|h:64,1.0,1.0,3.03
tune,0.55_0.65,0,lr:0.001|do:0.5|h:128,0.9953,0.9973,3.78
tune,0.55_0.65,0,lr:0.01|do:0.0|h:128,1.0,1.0,3.94
tune,0.55_0.65,0,lr:0.01|do:0.5|h:64,0.9953,0.9973,3.08
mcdepth,0.55_0.65,0,mc_d3,0.9671,0.9814,9.63
tune,0.55_0.65,0,lr:0.01|do:0.5|h:128,0.9906,0.9947,3.71
depth,0.55_0.65,1,d2,0.9906,0.9947,4.4
tune,0.55_0.65,1,lr:0.001|do:0.0|h:64,1.0,1.0,3.05
depth,0.55_0.65,1,d3,0.9869,0.992,5.71
mcdepth,0.55_0.65,1,mc_d2,1.0,1.0,7.04
tune,0.55_0.65,1,lr:0.001|do:0.0|h:128,1.0,1.0,3.81
tune,0.55_0.65,1,lr:0.01|do:0.0|h:64,1.0,1.0,3.1
tune,0.55_0.65,1,lr:0.001|do:0.5|h:128,0.9953,0.9973,3.75
mcdepth,0.55_0.65,1,mc_d3,0.9859,0.992,9.67
tune,0.55_0.65,1,lr:0.01|do:0.5|h:64,0.9953,0.9973,3.13
tune,0.55_0.65,1,lr:0.01|do:0.0|h:128,0.9953,0.9973,3.95
tune,0.55_0.65,1,lr:0.01|do:0.5|h:128,1.0,1.0,3.83
depth,0.55_0.65,2,d2,0.9906,0.9947,4.26
tune,0.55_0.65,2,lr:0.001|do:0.0|h:64,0.9869,0.992,3.05
depth,0.55_0.65,2,d3,0.9775,0.9867,5.61
mcdepth,0.55_0.65,2,mc_d2,0.9906,0.9947,7.02
tune,0.55_0.65,2,lr:0.001|do:0.0|h:128,0.9953,0.9973,3.72
tune,0.55_0.65,2,lr:0.01|do:0.0|h:64,0.9906,0.9947,3.11
tune,0.55_0.65,2,lr:0.001|do:0.5|h:128,0.9953,0.9973,3.81
tune,0.55_0.65,2,lr:0.01|do:0.5|h:64,0.9859,0.992,3.08
mcdepth,0.55_0.65,2,mc_d3,0.9859,0.992,9.63
tune,0.55_0.65,2,lr:0.01|do:0.0|h:128,0.9859,0.992,3.94
tune,0.55_0.65,2,lr:0.01|do:0.5|h:128,0.9906,0.9947,3.81
depth,0.55_0.65,3,d2,1.0,1.0,4.42
tune,0.55_0.65,3,lr:0.001|do:0.0|h:64,1.0,1.0,3.1
depth,0.55_0.65,3,d3,0.9953,0.9973,6.09
mcdepth,0.55_0.65,3,mc_d2,1.0,1.0,6.79
tune,0.55_0.65,3,lr:0.001|do:0.0|h:128,1.0,1.0,3.78
tune,0.55_0.65,3,lr:0.01|do:0.0|h:64,1.0,1.0,3.29
tune,0.55_0.65,3,lr:0.001|do:0.5|h:128,1.0,1.0,3.81
mcdepth,0.55_0.65,3,mc_d3,1.0,1.0,9.73
tune,0.55_0.65,3,lr:0.01|do:0.0|h:128,1.0,1.0,3.79
tune,0.55_0.65,3,lr:0.01|do:0.5|h:64,1.0,1.0,3.06
tune,0.55_0.65,3,lr:0.01|do:0.5|h:128,1.0,1.0,4.02
depth,0.55_0.65,4,d2,0.9906,0.9947,4.41
depth,0.55_0.65,4,d3,0.9765,0.9867,5.74
tune,0.55_0.65,4,lr:0.001|do:0.0|h:64,0.9953,0.9973,3.33
mcdepth,0.55_0.65,4,mc_d2,0.9906,0.9947,7.1
tune,0.55_0.65,4,lr:0.001|do:0.0|h:128,0.9953,0.9973,3.8
mcdepth,0.55_0.65,4,mc_d3,0.9953,0.9973,9.22
tune,0.55_0.65,4,lr:0.001|do:0.5|h:128,1.0,1.0,3.8
tune,0.55_0.65,4,lr:0.01|do:0.0|h:64,1.0,1.0,3.3
tune,0.55_0.65,4,lr:0.01|do:0.5|h:64,0.9953,0.9973,3.14
tune,0.55_0.65,4,lr:0.01|do:0.0|h:128,0.9953,0.9973,3.97
tune,0.55_0.65,4,lr:0.01|do:0.5|h:128,0.9953,0.9973,3.85
depth,0.55_0.8,0,d2,0.9869,0.992,4.43
depth,0.55_0.8,0,d3,0.9822,0.9893,5.68
tune,0.55_0.8,0,lr:0.001|do:0.0|h:64,1.0,1.0,3.13
mcdepth,0.55_0.8,0,mc_d2,1.0,1.0,7.07
tune,0.55_0.8,0,lr:0.001|do:0.0|h:128,1.0,1.0,3.82
tune,0.55_0.8,0,lr:0.01|do:0.0|h:64,1.0,1.0,3.1
tune,0.55_0.8,0,lr:0.001|do:0.5|h:128,1.0,1.0,3.81
mcdepth,0.55_0.8,0,mc_d3,0.9718,0.984,9.81
tune,0.55_0.8,0,lr:0.01|do:0.5|h:64,1.0,1.0,3.12
tune,0.55_0.8,0,lr:0.01|do:0.0|h:128,1.0,1.0,3.85
tune,0.55_0.8,0,lr:0.01|do:0.5|h:128,1.0,1.0,3.88
depth,0.55_0.8,1,d2,0.9906,0.9947,4.45
tune,0.55_0.8,1,lr:0.001|do:0.0|h:64,1.0,1.0,3.17
depth,0.55_0.8,1,d3,0.9869,0.992,5.71
mcdepth,0.55_0.8,1,mc_d2,1.0,1.0,7.12
tune,0.55_0.8,1,lr:0.001|do:0.0|h:128,1.0,1.0,3.82
tune,0.55_0.8,1,lr:0.01|do:0.0|h:64,1.0,1.0,3.14
tune,0.55_0.8,1,lr:0.001|do:0.5|h:128,1.0,1.0,3.86
mcdepth,0.55_0.8,1,mc_d3,0.9859,0.992,9.67
tune,0.55_0.8,1,lr:0.01|do:0.5|h:64,0.9953,0.9973,3.13
tune,0.55_0.8,1,lr:0.01|do:0.0|h:128,0.9953,0.9973,3.98
tune,0.55_0.8,1,lr:0.01|do:0.5|h:128,1.0,1.0,3.81
depth,0.55_0.8,2,d2,0.9859,0.992,4.43
tune,0.55_0.8,2,lr:0.001|do:0.0|h:64,1.0,1.0,3.15
depth,0.55_0.8,2,d3,0.9775,0.9867,5.71
mcdepth,0.55_0.8,2,mc_d2,0.9906,0.9947,6.98
tune,0.55_0.8,2,lr:0.001|do:0.0|h:128,1.0,1.0,3.83
tune,0.55_0.8,2,lr:0.01|do:0.0|h:64,0.9953,0.9973,3.1
tune,0.55_0.8,2,lr:0.001|do:0.5|h:128,1.0,1.0,3.82
mcdepth,0.55_0.8,2,mc_d3,0.9859,0.992,9.7
tune,0.55_0.8,2,lr:0.01|do:0.0|h:128,0.9953,0.9973,3.9
tune,0.55_0.8,2,lr:0.01|do:0.5|h:64,0.9953,0.9973,3.14
tune,0.55_0.8,2,lr:0.01|do:0.5|h:128,1.0,1.0,3.83
depth,0.55_0.8,3,d2,1.0,1.0,4.44
tune,0.55_0.8,3,lr:0.001|do:0.0|h:64,1.0,1.0,3.13
depth,0.55_0.8,3,d3,0.9953,0.9973,5.91
mcdepth,0.55_0.8,3,mc_d2,1.0,1.0,7.21
tune,0.55_0.8,3,lr:0.001|do:0.0|h:128,1.0,1.0,3.84
tune,0.55_0.8,3,lr:0.01|do:0.0|h:64,1.0,1.0,3.19
mcdepth,0.55_0.8,3,mc_d3,1.0,1.0,9.31
tune,0.55_0.8,3,lr:0.001|do:0.5|h:128,1.0,1.0,3.84
tune,0.55_0.8,3,lr:0.01|do:0.5|h:64,1.0,1.0,3.13
tune,0.55_0.8,3,lr:0.01|do:0.0|h:128,1.0,1.0,4.01
tune,0.55_0.8,3,lr:0.01|do:0.5|h:128,1.0,1.0,3.93
depth,0.55_0.8,4,d2,0.9953,0.9973,4.42
depth,0.55_0.8,4,d3,0.9812,0.9893,5.63
tune,0.55_0.8,4,lr:0.001|do:0.0|h:64,1.0,1.0,3.13
mcdepth,0.55_0.8,4,mc_d2,1.0,1.0,6.83
tune,0.55_0.8,4,lr:0.001|do:0.0|h:128,1.0,1.0,3.85
tune,0.55_0.8,4,lr:0.01|do:0.0|h:64,1.0,1.0,3.19
tune,0.55_0.8,4,lr:0.001|do:0.5|h:128,1.0,1.0,3.84
tune,0.55_0.8,4,lr:0.01|do:0.0|h:128,0.9953,0.9973,3.84
mcdepth,0.55_0.8,4,mc_d3,1.0,1.0,9.78
tune,0.55_0.8,4,lr:0.01|do:0.5|h:64,0.9953,0.9973,3.16
tune,0.55_0.8,4,lr:0.01|do:0.5|h:128,1.0,1.0,3.94
depth,0.55_1.0,0,d2,0.9869,0.992,4.4
tune,0.55_1.0,0,lr:0.001|do:0.0|h:64,1.0,1.0,3.22
depth,0.55_1.0,0,d3,0.9785,0.9866,6.16
mcdepth,0.55_1.0,0,mc_d2,1.0,1.0,6.87
tune,0.55_1.0,0,lr:0.001|do:0.0|h:128,1.0,1.0,3.8
mcdepth,0.55_1.0,0,mc_d3,0.9718,0.984,9.25
tune,0.55_1.0,0,lr:0.01|do:0.0|h:64,1.0,1.0,3.33
tune,0.55_1.0,0,lr:0.001|do:0.5|h:128,1.0,1.0,3.93
tune,0.55_1.0,0,lr:0.01|do:0.0|h:128,1.0,1.0,3.83
tune,0.55_1.0,0,lr:0.01|do:0.5|h:64,1.0,1.0,3.11
tune,0.55_1.0,0,lr:0.01|do:0.5|h:128,1.0,1.0,3.89
depth,0.55_1.0,1,d2,0.9906,0.9947,4.75
depth,0.55_1.0,1,d3,0.9869,0.992,5.78
tune,0.55_1.0,1,lr:0.001|do:0.0|h:64,1.0,1.0,3.18
mcdepth,0.55_1.0,1,mc_d2,1.0,1.0,7.02
tune,0.55_1.0,1,lr:0.001|do:0.0|h:128,1.0,1.0,4.01
tune,0.55_1.0,1,lr:0.01|do:0.0|h:64,1.0,1.0,3.18
mcdepth,0.55_1.0,1,mc_d3,0.9953,0.9973,9.39
tune,0.55_1.0,1,lr:0.001|do:0.5|h:128,1.0,1.0,3.88
tune,0.55_1.0,1,lr:0.01|do:0.0|h:128,0.9953,0.9973,3.89
tune,0.55_1.0,1,lr:0.01|do:0.5|h:64,0.9953,0.9973,3.33
tune,0.55_1.0,1,lr:0.01|do:0.5|h:128,1.0,1.0,3.87
depth,0.55_1.0,2,d2,0.9953,0.9973,4.48
depth,0.55_1.0,2,d3,0.9775,0.9867,5.88
tune,0.55_1.0,2,lr:0.001|do:0.0|h:64,1.0,1.0,3.2
mcdepth,0.55_1.0,2,mc_d2,1.0,1.0,6.87
tune,0.55_1.0,2,lr:0.001|do:0.0|h:128,1.0,1.0,3.83
tune,0.55_1.0,2,lr:0.01|do:0.0|h:64,1.0,1.0,3.17
tune,0.55_1.0,2,lr:0.001|do:0.5|h:128,1.0,1.0,3.93
tune,0.55_1.0,2,lr:0.01|do:0.0|h:128,1.0,1.0,3.86
tune,0.55_1.0,2,lr:0.01|do:0.5|h:64,0.9953,0.9973,3.18
mcdepth,0.55_1.0,2,mc_d3,0.9859,0.992,9.74
tune,0.55_1.0,2,lr:0.01|do:0.5|h:128,1.0,1.0,3.85
depth,0.55_1.0,3,d2,1.0,1.0,4.59
tune,0.55_1.0,3,lr:0.001|do:0.0|h:64,1.0,1.0,3.17
depth,0.55_1.0,3,d3,1.0,1.0,5.75
mcdepth,0.55_1.0,3,mc_d2,1.0,1.0,6.97
tune,0.55_1.0,3,lr:0.001|do:0.0|h:128,1.0,1.0,3.91
tune,0.55_1.0,3,lr:0.01|do:0.0|h:64,1.0,1.0,3.15
tune,0.55_1.0,3,lr:0.001|do:0.5|h:128,1.0,1.0,3.85
mcdepth,0.55_1.0,3,mc_d3,1.0,1.0,9.76
tune,0.55_1.0,3,lr:0.01|do:0.0|h:128,1.0,1.0,3.89
tune,0.55_1.0,3,lr:0.01|do:0.5|h:64,1.0,1.0,3.23
tune,0.55_1.0,3,lr:0.01|do:0.5|h:128,1.0,1.0,3.9
depth,0.55_1.0,4,d2,0.9953,0.9973,4.51
tune,0.55_1.0,4,lr:0.001|do:0.0|h:64,1.0,1.0,3.17
depth,0.55_1.0,4,d3,0.9859,0.992,5.92
mcdepth,0.55_1.0,4,mc_d2,1.0,1.0,7.12
tune,0.55_1.0,4,lr:0.001|do:0.0|h:128,1.0,1.0,3.9
tune,0.55_1.0,4,lr:0.01|do:0.0|h:64,1.0,1.0,3.23
tune,0.55_1.0,4,lr:0.001|do:0.5|h:128,1.0,1.0,3.85
mcdepth,0.55_1.0,4,mc_d3,1.0,1.0,9.67
tune,0.55_1.0,4,lr:0.01|do:0.0|h:128,0.9953,0.9973,3.94
tune,0.55_1.0,4,lr:0.01|do:0.5|h:64,1.0,1.0,3.18
tune,0.55_1.0,4,lr:0.01|do:0.5|h:128,1.0,1.0,3.91
depth,0.55_1.5,0,d2,0.9906,0.9947,4.49
tune,0.55_1.5,0,lr:0.001|do:0.0|h:64,1.0,1.0,3.21
depth,0.55_1.5,0,d3,0.9704,0.9813,5.97
mcdepth,0.55_1.5,0,mc_d2,1.0,1.0,7.05
tune,0.55_1.5,0,lr:0.001|do:0.0|h:128,1.0,1.0,3.84
tune,0.55_1.5,0,lr:0.01|do:0.0|h:64,1.0,1.0,3.25
mcdepth,0.55_1.5,0,mc_d3,0.9812,0.9893,9.28
tune,0.55_1.5,0,lr:0.001|do:0.5|h:128,1.0,1.0,3.91
tune,0.55_1.5,0,lr:0.01|do:0.0|h:128,1.0,1.0,3.88
tune,0.55_1.5,0,lr:0.01|do:0.5|h:64,1.0,1.0,3.18
tune,0.55_1.5,0,lr:0.01|do:0.5|h:128,1.0,1.0,3.97
depth,0.55_1.5,1,d2,0.9953,0.9973,4.52
depth,0.55_1.5,1,d3,0.9869,0.992,6.06
mcdepth,0.55_1.5,1,mc_d2,1.0,1.0,6.98
tune,0.55_1.5,1,lr:0.001|do:0.0|h:64,1.0,1.0,3.35
tune,0.55_1.5,1,lr:0.001|do:0.0|h:128,1.0,1.0,3.93
tune,0.55_1.5,1,lr:0.01|do:0.0|h:64,1.0,1.0,3.21
mcdepth,0.55_1.5,1,mc_d3,0.9953,0.9973,9.47
tune,0.55_1.5,1,lr:0.001|do:0.5|h:128,1.0,1.0,3.92
tune,0.55_1.5,1,lr:0.01|do:0.0|h:128,1.0,1.0,3.96
tune,0.55_1.5,1,lr:0.01|do:0.5|h:64,1.0,1.0,3.16
tune,0.55_1.5,1,lr:0.01|do:0.5|h:128,0.9953,0.9973,3.91
depth,0.55_1.5,2,d2,0.9953,0.9973,4.54
depth,0.55_1.5,2,d3,0.9953,0.9973,6.16
tune,0.55_1.5,2,lr:0.001|do:0.0|h:64,1.0,1.0,3.21
mcdepth,0.55_1.5,2,mc_d2,1.0,1.0,7.03
tune,0.55_1.5,2,lr:0.001|do:0.0|h:128,1.0,1.0,3.88
tune,0.55_1.5,2,lr:0.01|do:0.0|h:64,1.0,1.0,3.19
mcdepth,0.55_1.5,2,mc_d3,0.9859,0.992,9.26
tune,0.55_1.5,2,lr:0.001|do:0.5|h:128,1.0,1.0,3.98
tune,0.55_1.5,2,lr:0.01|do:0.0|h:128,0.9953,0.9973,3.9
tune,0.55_1.5,2,lr:0.01|do:0.5|h:64,0.9953,0.9973,3.19
tune,0.55_1.5,2,lr:0.01|do:0.5|h:128,1.0,1.0,3.9
depth,0.55_1.5,3,d2,1.0,1.0,4.5
tune,0.55_1.5,3,lr:0.001|do:0.0|h:64,1.0,1.0,3.2
depth,0.55_1.5,3,d3,1.0,1.0,5.92
mcdepth,0.55_1.5,3,mc_d2,1.0,1.0,7.12
tune,0.55_1.5,3,lr:0.001|do:0.0|h:128,1.0,1.0,3.9
tune,0.55_1.5,3,lr:0.01|do:0.0|h:64,1.0,1.0,3.23
tune,0.55_1.5,3,lr:0.001|do:0.5|h:128,1.0,1.0,3.92
mcdepth,0.55_1.5,3,mc_d3,1.0,1.0,9.59
tune,0.55_1.5,3,lr:0.01|do:0.0|h:128,1.0,1.0,3.95
tune,0.55_1.5,3,lr:0.01|do:0.5|h:64,1.0,1.0,3.14
tune,0.55_1.5,3,lr:0.01|do:0.5|h:128,1.0,1.0,3.99
depth,0.55_1.5,4,d2,0.9953,0.9973,4.57
tune,0.55_1.5,4,lr:0.001|do:0.0|h:64,1.0,1.0,3.3
depth,0.55_1.5,4,d3,0.9906,0.9947,6.03
mcdepth,0.55_1.5,4,mc_d2,1.0,1.0,7.05
tune,0.55_1.5,4,lr:0.001|do:0.0|h:128,1.0,1.0,3.96
tune,0.55_1.5,4,lr:0.01|do:0.0|h:64,1.0,1.0,3.27
mcdepth,0.55_1.5,4,mc_d3,1.0,1.0,9.4
tune,0.55_1.5,4,lr:0.001|do:0.5|h:128,1.0,1.0,3.93
tune,0.55_1.5,4,lr:0.01|do:0.0|h:128,1.0,1.0,3.92
tune,0.55_1.5,4,lr:0.01|do:0.5|h:64,1.0,1.0,3.22
tune,0.55_1.5,4,lr:0.01|do:0.5|h:128,1.0,1.0,3.97
depth,0.65_0.0,0,d2,0.3908,0.3929,4.49
depth,0.65_0.0,0,d3,0.9293,0.9527,5.76
tune,0.65_0.0,0,lr:0.001|do:0.0|h:64,0.1079,0.0956,3.26
mcdepth,0.65_0.0,0,mc_d2,0.7192,0.7477,7.01
tune,0.65_0.0,0,lr:0.001|do:0.0|h:128,0.0706,0.0663,3.87
tune,0.65_0.0,0,lr:0.01|do:0.0|h:64,0.1306,0.1159,3.25
tune,0.65_0.0,0,lr:0.001|do:0.5|h:128,0.1015,0.093,3.87
mcdepth,0.65_0.0,0,mc_d3,0.7134,0.6563,9.53
tune,0.65_0.0,0,lr:0.01|do:0.0|h:128,0.1887,0.1885,3.88
tune,0.65_0.0,0,lr:0.01|do:0.5|h:64,0.2297,0.233,3.15
tune,0.65_0.0,0,lr:0.01|do:0.5|h:128,0.2699,0.289,4.02
depth,0.65_0.0,1,d2,0.1322,0.1256,4.49
depth,0.65_0.0,1,d3,0.8536,0.8793,5.91
tune,0.65_0.0,1,lr:0.001|do:0.0|h:64,0.0297,0.0254,3.29
mcdepth,0.65_0.0,1,mc_d2,0.45,0.4167,7.02
tune,0.65_0.0,1,lr:0.001|do:0.0|h:128,0.0274,0.0212,3.89
mcdepth,0.65_0.0,1,mc_d3,0.933,0.9554,9.34
tune,0.65_0.0,1,lr:0.01|do:0.0|h:64,0.06,0.0489,3.27
tune,0.65_0.0,1,lr:0.001|do:0.5|h:128,0.0416,0.0343,3.91
tune,0.65_0.0,1,lr:0.01|do:0.0|h:128,0.0417,0.0356,3.91
tune,0.65_0.0,1,lr:0.01|do:0.5|h:64,0.1157,0.1109,3.19
tune,0.65_0.0,1,lr:0.01|do:0.5|h:128,0.1178,0.1116,3.88
depth,0.65_0.0,2,d2,0.1551,0.1387,4.64
depth,0.65_0.0,2,d3,0.678,0.7114,5.83
tune,0.65_0.0,2,lr:0.001|do:0.0|h:64,0.0435,0.0366,3.21
mcdepth,0.65_0.0,2,mc_d2,0.5995,0.5725,6.98
tune,0.65_0.0,2,lr:0.001|do:0.0|h:128,0.0451,0.0386,3.97
tune,0.65_0.0,2,lr:0.01|do:0.0|h:64,0.0606,0.0557,3.17
mcdepth,0.65_0.0,2,mc_d3,0.6013,0.5581,9.51
tune,0.65_0.0,2,lr:0.001|do:0.5|h:128,0.0599,0.0528,3.91
tune,0.65_0.0,2,lr:0.01|do:0.0|h:128,0.0885,0.0784,3.89
tune,0.65_0.0,2,lr:0.01|do:0.5|h:64,0.1525,0.1506,3.34
tune,0.65_0.0,2,lr:0.01|do:0.5|h:128,0.1513,0.1485,3.84
depth,0.65_0.0,3,d2,0.3476,0.3491,4.54
depth,0.65_0.0,3,d3,0.9551,0.9709,5.85
tune,0.65_0.0,3,lr:0.001|do:0.0|h:64,0.053,0.0459,3.18
mcdepth,0.65_0.0,3,mc_d2,0.8867,0.9194,7.04
tune,0.65_0.0,3,lr:0.001|do:0.0|h:128,0.0379,0.0316,3.87
tune,0.65_0.0,3,lr:0.01|do:0.0|h:64,0.0687,0.0589,3.17
tune,0.65_0.0,3,lr:0.001|do:0.5|h:128,0.0516,0.0386,3.97
tune,0.65_0.0,3,lr:0.01|do:0.0|h:128,0.0731,0.0617,3.92
mcdepth,0.65_0.0,3,mc_d3,0.9644,0.9788,9.88
tune,0.65_0.0,3,lr:0.01|do:0.5|h:64,0.1524,0.1315,3.18
tune,0.65_0.0,3,lr:0.01|do:0.5|h:128,0.1432,0.1305,3.87
depth,0.65_0.0,4,d2,0.1184,0.111,4.55
tune,0.65_0.0,4,lr:0.001|do:0.0|h:64,0.0254,0.0202,3.19
depth,0.65_0.0,4,d3,0.9775,0.9867,6.02
mcdepth,0.65_0.0,4,mc_d2,0.6328,0.634,7.0
tune,0.65_0.0,4,lr:0.001|do:0.0|h:128,0.0547,0.0405,3.91
tune,0.65_0.0,4,lr:0.01|do:0.0|h:64,0.0445,0.0375,3.29
tune,0.65_0.0,4,lr:0.001|do:0.5|h:128,0.0682,0.0614,3.88
mcdepth,0.65_0.0,4,mc_d3,0.7273,0.6653,9.66
tune,0.65_0.0,4,lr:0.01|do:0.5|h:64,0.0759,0.067,3.25
tune,0.65_0.0,4,lr:0.01|do:0.0|h:128,0.1073,0.0953,3.91
tune,0.65_0.0,4,lr:0.01|do:0.5|h:128,0.1646,0.1635,3.98
depth,0.65_0.2,0,d2,0.9363,0.9604,4.5
tune,0.65_0.2,0,lr:0.001|do:0.0|h:64,0.9239,0.9501,3.31
depth,0.65_0.2,0,d3,0.9658,0.9788,5.92
mcdepth,0.65_0.2,0,mc_d2,0.9859,0.992,6.95
tune,0.65_0.2,0,lr:0.001|do:0.0|h:128,0.92,0.945,3.85
tune,0.65_0.2,0,lr:0.01|do:0.0|h:64,0.9486,0.9682,3.21
mcdepth,0.65_0.2,0,mc_d3,0.9859,0.992,9.59
tune,0.65_0.2,0,lr:0.001|do:0.5|h:128,0.8885,0.9197,3.98
tune,0.65_0.2,0,lr:0.01|do:0.0|h:128,0.9245,0.9501,3.83
tune,0.65_0.2,0,lr:0.01|do:0.5|h:64,0.9219,0.9476,3.15
tune,0.65_0.2,0,lr:0.01|do:0.5|h:128,0.91,0.9398,3.92
depth,0.65_0.2,1,d2,0.9229,0.9499,4.59
depth,0.65_0.2,1,d3,0.9648,0.9788,5.82
tune,0.65_0.2,1,lr:0.001|do:0.0|h:64,0.8922,0.9242,3.24
mcdepth,0.65_0.2,1,mc_d2,0.9859,0.992,7.2
tune,0.65_0.2,1,lr:0.001|do:0.0|h:128,0.8822,0.9163,3.94
tune,0.65_0.2,1,lr:0.01|do:0.0|h:64,0.9303,0.9552,3.22
mcdepth,0.65_0.2,1,mc_d3,0.9859,0.992,9.31
tune,0.65_0.2,1,lr:0.001|do:0.5|h:128,0.873,0.9113,3.91
tune,0.65_0.2,1,lr:0.01|do:0.0|h:128,0.9319,0.9577,3.97
tune,0.65_0.2,1,lr:0.01|do:0.5|h:64,0.9206,0.9475,3.23
tune,0.65_0.2,1,lr:0.01|do:0.5|h:128,0.9236,0.9525,3.92
depth,0.65_0.2,2,d2,0.9052,0.9396,4.52
tune,0.65_0.2,2,lr:0.001|do:0.0|h:64,0.855,0.894,3.23
mcdepth,0.65_0.2,2,mc_d2,0.957,0.9735,6.9
depth,0.65_0.2,2,d3,0.9317,0.9552,6.0
tune,0.65_0.2,2,lr:0.001|do:0.0|h:128,0.8657,0.904,3.86
tune,0.65_0.2,2,lr:0.01|do:0.0|h:64,0.8783,0.9139,3.15
tune,0.65_0.2,2,lr:0.001|do:0.5|h:128,0.7972,0.8453,3.97
tune,0.65_0.2,2,lr:0.01|do:0.0|h:128,0.8705,0.9065,3.93
mcdepth,0.65_0.2,2,mc_d3,0.9775,0.9867,9.57
tune,0.65_0.2,2,lr:0.01|do:0.5|h:64,0.8444,0.8868,3.13
tune,0.65_0.2,2,lr:0.01|do:0.5|h:128,0.8582,0.8992,3.88
depth,0.65_0.2,3,d2,0.9644,0.9788,4.61
depth,0.65_0.2,3,d3,0.9738,0.9841,5.97
tune,0.65_0.2,3,lr:0.001|do:0.0|h:64,0.9513,0.9708,3.22
mcdepth,0.65_0.2,3,mc_d2,0.9728,0.9841,7.18
tune,0.65_0.2,3,lr:0.001|do:0.0|h:128,0.9517,0.9709,3.99
tune,0.65_0.2,3,lr:0.01|do:0.0|h:64,0.9527,0.9709,3.26
mcdepth,0.65_0.2,3,mc_d3,0.9953,0.9973,9.35
tune,0.65_0.2,3,lr:0.001|do:0.5|h:128,0.9188,0.9473,3.96
tune,0.65_0.2,3,lr:0.01|do:0.0|h:128,0.9607,0.9761,3.96
tune,0.65_0.2,3,lr:0.01|do:0.5|h:64,0.9444,0.963,3.25
tune,0.65_0.2,3,lr:0.01|do:0.5|h:128,0.9496,0.9682,3.9
depth,0.65_0.2,4,d2,0.9347,0.9553,4.48
tune,0.65_0.2,4,lr:0.001|do:0.0|h:64,0.9305,0.9552,3.2
mcdepth,0.65_0.2,4,mc_d2,0.9869,0.992,7.02
depth,0.65_0.2,4,d3,0.9701,0.9814,6.01
tune,0.65_0.2,4,lr:0.001|do:0.0|h:128,0.9157,0.9447,3.91
tune,0.65_0.2,4,lr:0.01|do:0.0|h:64,0.9406,0.963,3.23
tune,0.65_0.2,4,lr:0.001|do:0.5|h:128,0.9059,0.9371,3.92
tune,0.65_0.2,4,lr:0.01|do:0.0|h:128,0.9356,0.9579,3.97
tune,0.65_0.2,4,lr:0.01|do:0.5|h:64,0.9276,0.9526,3.16
mcdepth,0.65_0.2,4,mc_d3,0.9906,0.9947,9.74
tune,0.65_0.2,4,lr:0.01|do:0.5|h:128,0.935,0.9578,3.95
depth,0.65_0.35,0,d2,0.9822,0.9894,4.61
depth,0.65_0.35,0,d3,0.9953,0.9973,5.84
tune,0.65_0.35,0,lr:0.001|do:0.0|h:64,0.9728,0.9841,3.24
mcdepth,0.65_0.35,0,mc_d2,0.9953,0.9973,7.11
tune,0.65_0.35,0,lr:0.001|do:0.0|h:128,0.9728,0.9841,3.85
tune,0.65_0.35,0,lr:0.01|do:0.0|h:64,0.9812,0.9893,3.2
mcdepth,0.65_0.35,0,mc_d3,1.0,1.0,9.57
tune,0.65_0.35,0,lr:0.001|do:0.5|h:128,0.9822,0.9894,3.84
tune,0.65_0.35,0,lr:0.01|do:0.5|h:64,0.9812,0.9893,3.08
tune,0.65_0.35,0,lr:0.01|do:0.0|h:128,0.9812,0.9893,3.81
tune,0.65_0.35,0,lr:0.01|do:0.5|h:128,0.9812,0.9893,3.56
depth,0.65_0.35,1,d2,0.9859,0.992,4.13
mcdepth,0.65_0.35,1,mc_d2,0.9859,0.992,6.18
tune,0.65_0.35,1,lr:0.001|do:0.0|h:64,0.9822,0.9894,2.99
depth,0.65_0.35,1,d3,0.9906,0.9947,5.42
tune,0.65_0.35,1,lr:0.001|do:0.0|h:128,0.9644,0.9788,3.93
tune,0.65_0.35,1,lr:0.01|do:0.0|h:64,0.9953,0.9973,3.46
tune,0.65_0.35,1,lr:0.001|do:0.5|h:128,0.9742,0.984,4.03
tune,0.65_0.35,1,lr:0.01|do:0.0|h:128,0.9859,0.992,4.08
mcdepth,0.65_0.35,1,mc_d3,0.9906,0.9947,9.48
tune,0.65_0.35,1,lr:0.01|do:0.5|h:64,0.9859,0.992,3.16
tune,0.65_0.35,1,lr:0.01|do:0.5|h:128,0.9859,0.992,3.88
depth,0.65_0.35,2,d2,0.9812,0.9893,4.33
depth,0.65_0.35,2,d3,0.9832,0.9893,5.91
tune,0.65_0.35,2,lr:0.001|do:0.0|h:64,0.9597,0.9761,3.14
mcdepth,0.65_0.35,2,mc_d2,0.9765,0.9867,6.72
tune,0.65_0.35,2,lr:0.001|do:0.0|h:128,0.9367,0.9604,3.79
tune,0.65_0.35,2,lr:0.01|do:0.0|h:64,0.9906,0.9947,3.16
mcdepth,0.65_0.35,2,mc_d3,0.9832,0.9894,8.96
tune,0.65_0.35,2,lr:0.001|do:0.5|h:128,0.9597,0.9761,3.9
tune,0.65_0.35,2,lr:0.01|do:0.0|h:128,0.9906,0.9947,3.78
tune,0.65_0.35,2,lr:0.01|do:0.5|h:64,0.9812,0.9893,3.0
tune,0.65_0.35,2,lr:0.01|do:0.5|h:128,0.9822,0.9893,3.88
depth,0.65_0.35,3,d2,0.9906,0.9947,4.38
tune,0.65_0.35,3,lr:0.001|do:0.0|h:64,0.9785,0.9867,3.1
depth,0.65_0.35,3,d3,0.9953,0.9973,5.98
mcdepth,0.65_0.35,3,mc_d2,1.0,1.0,6.9
tune,0.65_0.35,3,lr:0.001|do:0.0|h:128,0.9785,0.9867,3.94
tune,0.65_0.35,3,lr:0.01|do:0.0|h:64,0.9822,0.9894,3.29
mcdepth,0.65_0.35,3,mc_d3,1.0,1.0,9.4
tune,0.65_0.35,3,lr:0.001|do:0.5|h:128,0.9785,0.9867,4.0
tune,0.65_0.35,3,lr:0.01|do:0.0|h:128,0.9785,0.9867,3.97
tune,0.65_0.35,3,lr:0.01|do:0.5|h:64,0.9953,0.9973,3.07
tune,0.65_0.35,3,lr:0.01|do:0.5|h:128,0.9953,0.9973,3.8
depth,0.65_0.35,4,d2,0.9953,0.9973,4.56
depth,0.65_0.35,4,d3,1.0,1.0,5.88
tune,0.65_0.35,4,lr:0.001|do:0.0|h:64,0.9869,0.992,3.22
mcdepth,0.65_0.35,4,mc_d2,1.0,1.0,6.68
tune,0.65_0.35,4,lr:0.001|do:0.0|h:128,0.9751,0.984,3.8
tune,0.65_0.35,4,lr:0.01|do:0.0|h:64,0.9916,0.9947,3.35
mcdepth,0.65_0.35,4,mc_d3,1.0,1.0,9.59
tune,0.65_0.35,4,lr:0.001|do:0.5|h:128,0.9738,0.9841,4.01
tune,0.65_0.35,4,lr:0.01|do:0.0|h:128,0.9916,0.9947,4.07
tune,0.65_0.35,4,lr:0.01|do:0.5|h:64,1.0,1.0,3.17
tune,0.65_0.35,4,lr:0.01|do:0.5|h:128,0.9953,0.9973,3.83
depth,0.65_0.5,0,d2,1.0,1.0,4.39
depth,0.65_0.5,0,d3,0.9953,0.9973,5.55
tune,0.65_0.5,0,lr:0.001|do:0.0|h:64,0.9822,0.9894,3.04
mcdepth,0.65_0.5,0,mc_d2,1.0,1.0,6.82
tune,0.65_0.5,0,lr:0.001|do:0.0|h:128,0.9822,0.9894,3.76
tune,0.65_0.5,0,lr:0.01|do:0.0|h:64,0.9906,0.9947,3.03
tune,0.65_0.5,0,lr:0.001|do:0.5|h:128,0.9906,0.9947,3.79
mcdepth,0.65_0.5,0,mc_d3,1.0,1.0,9.47
tune,0.65_0.5,0,lr:0.01|do:0.0|h:128,0.9859,0.992,3.89
tune,0.65_0.5,0,lr:0.01|do:0.5|h:64,0.9953,0.9973,3.04
tune,0.65_0.5,0,lr:0.01|do:0.5|h:128,0.9953,0.9973,3.75
depth,0.65_0.5,1,d2,1.0,1.0,4.37
tune,0.65_0.5,1,lr:0.001|do:0.0|h:64,1.0,1.0,3.06
depth,0.65_0.5,1,d3,1.0,1.0,5.8
mcdepth,0.65_0.5,1,mc_d2,1.0,1.0,6.99
tune,0.65_0.5,1,lr:0.001|do:0.0|h:128,1.0,1.0,3.8
tune,0.65_0.5,1,lr:0.01|do:0.0|h:64,1.0,1.0,3.05
tune,0.65_0.5,1,lr:0.001|do:0.5|h:128,1.0,1.0,3.81
mcdepth,0.65_0.5,1,mc_d3,1.0,1.0,9.39
tune,0.65_0.5,1,lr:0.01|do:0.5|h:64,0.9953,0.9973,3.1
tune,0.65_0.5,1,lr:0.01|do:0.0|h:128,1.0,1.0,3.89
tune,0.65_0.5,1,lr:0.01|do:0.5|h:128,1.0,1.0,3.77
depth,0.65_0.5,2,d2,0.9953,0.9973,4.41
tune,0.65_0.5,2,lr:0.001|do:0.0|h:64,0.9906,0.9947,3.04
depth,0.65_0.5,2,d3,1.0,1.0,5.66
mcdepth,0.65_0.5,2,mc_d2,0.9953,0.9973,6.85
tune,0.65_0.5,2,lr:0.001|do:0.0|h:128,0.9906,0.9947,3.82
tune,0.65_0.5,2,lr:0.01|do:0.0|h:64,0.9906,0.9947,3.1
tune,0.65_0.5,2,lr:0.001|do:0.5|h:128,0.9906,0.9947,3.76
mcdepth,0.65_0.5,2,mc_d3,1.0,1.0,9.35
tune,0.65_0.5,2,lr:0.01|do:0.0|h:128,0.9906,0.9947,3.83
tune,0.65_0.5,2,lr:0.01|do:0.5|h:64,0.9953,0.9973,3.1
tune,0.65_0.5,2,lr:0.01|do:0.5|h:128,0.9953,0.9973,3.77
depth,0.65_0.5,3,d2,1.0,1.0,4.4
tune,0.65_0.5,3,lr:0.001|do:0.0|h:64,1.0,1.0,3.11
depth,0.65_0.5,3,d3,1.0,1.0,5.85
mcdepth,0.65_0.5,3,mc_d2,1.0,1.0,7.05
tune,0.65_0.5,3,lr:0.001|do:0.0|h:128,1.0,1.0,3.81
tune,0.65_0.5,3,lr:0.01|do:0.0|h:64,1.0,1.0,3.01
tune,0.65_0.5,3,lr:0.001|do:0.5|h:128,0.9953,0.9973,3.8
mcdepth,0.65_0.5,3,mc_d3,1.0,1.0,9.69
tune,0.65_0.5,3,lr:0.01|do:0.5|h:64,0.9953,0.9973,3.04
tune,0.65_0.5,3,lr:0.01|do:0.0|h:128,1.0,1.0,3.87
tune,0.65_0.5,3,lr:0.01|do:0.5|h:128,0.9953,0.9973,3.78
depth,0.65_0.5,4,d2,1.0,1.0,4.33
tune,0.65_0.5,4,lr:0.001|do:0.0|h:64,1.0,1.0,3.09
depth,0.65_0.5,4,d3,1.0,1.0,5.58
mcdepth,0.65_0.5,4,mc_d2,1.0,1.0,7.09
tune,0.65_0.5,4,lr:0.001|do:0.0|h:128,1.0,1.0,3.77
tune,0.65_0.5,4,lr:0.01|do:0.0|h:64,1.0,1.0,3.04
tune,0.65_0.5,4,lr:0.001|do:0.5|h:128,1.0,1.0,3.79
mcdepth,0.65_0.5,4,mc_d3,1.0,1.0,9.58
tune,0.65_0.5,4,lr:0.01|do:0.5|h:64,1.0,1.0,3.05
tune,0.65_0.5,4,lr:0.01|do:0.0|h:128,0.9953,0.9973,3.88
tune,0.65_0.5,4,lr:0.01|do:0.5|h:128,1.0,1.0,3.72
depth,0.65_0.65,0,d2,1.0,1.0,4.4
tune,0.65_0.65,0,lr:0.001|do:0.0|h:64,1.0,1.0,3.02
depth,0.65_0.65,0,d3,1.0,1.0,5.53
mcdepth,0.65_0.65,0,mc_d2,1.0,1.0,6.87
tune,0.65_0.65,0,lr:0.001|do:0.0|h:128,1.0,1.0,3.73
tune,0.65_0.65,0,lr:0.01|do:0.0|h:64,1.0,1.0,3.07
tune,0.65_0.65,0,lr:0.001|do:0.5|h:128,1.0,1.0,3.8
mcdepth,0.65_0.65,0,mc_d3,1.0,1.0,9.59
tune,0.65_0.65,0,lr:0.01|do:0.0|h:128,1.0,1.0,3.84
tune,0.65_0.65,0,lr:0.01|do:0.5|h:64,1.0,1.0,3.1
tune,0.65_0.65,0,lr:0.01|do:0.5|h:128,1.0,1.0,3.78
depth,0.65_0.65,1,d2,1.0,1.0,4.4
tune,0.65_0.65,1,lr:0.001|do:0.0|h:64,1.0,1.0,3.1
depth,0.65_0.65,1,d3,1.0,1.0,5.82
mcdepth,0.65_0.65,1,mc_d2,1.0,1.0,7.16
tune,0.65_0.65,1,lr:0.001|do:0.0|h:128,1.0,1.0,3.81
tune,0.65_0.65,1,lr:0.01|do:0.0|h:64,1.0,1.0,3.1
tune,0.65_0.65,1,lr:0.001|do:0.5|h:128,1.0,1.0,3.78
mcdepth,0.65_0.65,1,mc_d3,1.0,1.0,9.58
tune,0.65_0.65,1,lr:0.01|do:0.5|h:64,1.0,1.0,3.11
tune,0.65_0.65,1,lr:0.01|do:0.0|h:128,1.0,1.0,3.95
tune,0.65_0.65,1,lr:0.01|do:0.5|h:128,1.0,1.0,3.83
depth,0.65_0.65,2,d2,1.0,1.0,4.35
depth,0.65_0.65,2,d3,1.0,1.0,5.64
tune,0.65_0.65,2,lr:0.001|do:0.0|h:64,1.0,1.0,3.1
mcdepth,0.65_0.65,2,mc_d2,1.0,1.0,6.93
tune,0.65_0.65,2,lr:0.001|do:0.0|h:128,0.9953,0.9973,3.79
tune,0.65_0.65,2,lr:0.01|do:0.0|h:64,1.0,1.0,3.11
tune,0.65_0.65,2,lr:0.001|do:0.5|h:128,0.9953,0.9973,3.78
mcdepth,0.65_0.65,2,mc_d3,1.0,1.0,9.56
tune,0.65_0.65,2,lr:0.01|do:0.5|h:64,1.0,1.0,3.12
tune,0.65_0.65,2,lr:0.01|do:0.0|h:128,1.0,1.0,3.9
tune,0.65_0.65,2,lr:0.01|do:0.5|h:128,0.9953,0.9973,3.77
depth,0.65_0.65,3,d2,1.0,1.0,4.4
tune,0.65_0.65,3,lr:0.001|do:0.0|h:64,1.0,1.0,3.09
depth,0.65_0.65,3,d3,1.0,1.0,5.68
mcdepth,0.65_0.65,3,mc_d2,1.0,1.0,7.12
tune,0.65_0.65,3,lr:0.001|do:0.0|h:128,1.0,1.0,3.83
tune,0.65_0.65,3,lr:0.01|do:0.0|h:64,1.0,1.0,3.15
tune,0.65_0.65,3,lr:0.001|do:0.5|h:128,0.9953,0.9973,3.81
mcdepth,0.65_0.65,3,mc_d3,1.0,1.0,9.75
tune,0.65_0.65,3,lr:0.01|do:0.5|h:64,1.0,1.0,3.14
tune,0.65_0.65,3,lr:0.01|do:0.0|h:128,1.0,1.0,3.98
tune,0.65_0.65,3,lr:0.01|do:0.5|h:128,0.9953,0.9973,3.81
depth,0.65_0.65,4,d2,1.0,1.0,4.43
tune,0.65_0.65,4,lr:0.001|do:0.0|h:64,1.0,1.0,3.13
depth,0.65_0.65,4,d3,1.0,1.0,5.78
mcdepth,0.65_0.65,4,mc_d2,1.0,1.0,7.07
tune,0.65_0.65,4,lr:0.001|do:0.0|h:128,1.0,1.0,3.85
tune,0.65_0.65,4,lr:0.01|do:0.0|h:64,1.0,1.0,3.12
tune,0.65_0.65,4,lr:0.001|do:0.5|h:128,1.0,1.0,3.83
tune,0.65_0.65,4,lr:0.01|do:0.5|h:64,1.0,1.0,3.15
mcdepth,0.65_0.65,4,mc_d3,1.0,1.0,9.73
tune,0.65_0.65,4,lr:0.01|do:0.0|h:128,1.0,1.0,3.94
tune,0.65_0.65,4,lr:0.01|do:0.5|h:128,1.0,1.0,3.82
depth,0.65_0.8,0,d2,1.0,1.0,4.39
tune,0.65_0.8,0,lr:0.001|do:0.0|h:64,1.0,1.0,3.15
depth,0.65_0.8,0,d3,1.0,1.0,6.02
mcdepth,0.65_0.8,0,mc_d2,1.0,1.0,6.96
tune,0.65_0.8,0,lr:0.001|do:0.0|h:128,1.0,1.0,3.8
tune,0.65_0.8,0,lr:0.01|do:0.0|h:64,1.0,1.0,3.21
tune,0.65_0.8,0,lr:0.001|do:0.5|h:128,1.0,1.0,3.82
mcdepth,0.65_0.8,0,mc_d3,1.0,1.0,9.71
tune,0.65_0.8,0,lr:0.01|do:0.5|h:64,1.0,1.0,3.13
tune,0.65_0.8,0,lr:0.01|do:0.0|h:128,1.0,1.0,3.89
tune,0.65_0.8,0,lr:0.01|do:0.5|h:128,1.0,1.0,3.82
depth,0.65_0.8,1,d2,1.0,1.0,4.44
depth,0.65_0.8,1,d3,1.0,1.0,5.59
tune,0.65_0.8,1,lr:0.001|do:0.0|h:64,1.0,1.0,3.15
mcdepth,0.65_0.8,1,mc_d2,1.0,1.0,7.12
tune,0.65_0.8,1,lr:0.001|do:0.0|h:128,1.0,1.0,3.83
tune,0.65_0.8,1,lr:0.01|do:0.0|h:64,1.0,1.0,3.1
tune,0.65_0.8,1,lr:0.001|do:0.5|h:128,1.0,1.0,3.81
mcdepth,0.65_0.8,1,mc_d3,1.0,1.0,9.66
tune,0.65_0.8,1,lr:0.01|do:0.5|h:64,1.0,1.0,3.16
tune,0.65_0.8,1,lr:0.01|do:0.0|h:128,1.0,1.0,3.97
tune,0.65_0.8,1,lr:0.01|do:0.5|h:128,1.0,1.0,3.81
depth,0.65_0.8,2,d2,1.0,1.0,4.37
tune,0.65_0.8,2,lr:0.001|do:0.0|h:64,1.0,1.0,3.12
depth,0.65_0.8,2,d3,1.0,1.0,5.73
mcdepth,0.65_0.8,2,mc_d2,1.0,1.0,7.02
tune,0.65_0.8,2,lr:0.001|do:0.0|h:128,1.0,1.0,3.79
tune,0.65_0.8,2,lr:0.01|do:0.0|h:64,1.0,1.0,3.14
tune,0.65_0.8,2,lr:0.001|do:0.5|h:128,1.0,1.0,3.8
mcdepth,0.65_0.8,2,mc_d3,1.0,1.0,9.64
tune,0.65_0.8,2,lr:0.01|do:0.5|h:64,1.0,1.0,3.12
tune,0.65_0.8,2,lr:0.01|do:0.0|h:128,1.0,1.0,3.91
tune,0.65_0.8,2,lr:0.01|do:0.5|h:128,1.0,1.0,3.79
depth,0.65_0.8,3,d2,1.0,1.0,4.41
depth,0.65_0.8,3,d3,1.0,1.0,5.69
tune,0.65_0.8,3,lr:0.001|do:0.0|h:64,1.0,1.0,3.17
mcdepth,0.65_0.8,3,mc_d2,1.0,1.0,7.17
tune,0.65_0.8,3,lr:0.001|do:0.0|h:128,1.0,1.0,3.84
tune,0.65_0.8,3,lr:0.01|do:0.0|h:64,1.0,1.0,3.14
tune,0.65_0.8,3,lr:0.001|do:0.5|h:128,1.0,1.0,3.81
mcdepth,0.65_0.8,3,mc_d3,1.0,1.0,9.85
tune,0.65_0.8,3,lr:0.01|do:0.5|h:64,1.0,1.0,3.06
tune,0.65_0.8,3,lr:0.01|do:0.0|h:128,1.0,1.0,4.0
tune,0.65_0.8,3,lr:0.01|do:0.5|h:128,1.0,1.0,3.79
depth,0.65_0.8,4,d2,1.0,1.0,4.39
tune,0.65_0.8,4,lr:0.001|do:0.0|h:64,1.0,1.0,3.16
depth,0.65_0.8,4,d3,1.0,1.0,5.61
mcdepth,0.65_0.8,4,mc_d2,1.0,1.0,7.2
tune,0.65_0.8,4,lr:0.001|do:0.0|h:128,1.0,1.0,3.85
tune,0.65_0.8,4,lr:0.01|do:0.0|h:64,1.0,1.0,3.08
tune,0.65_0.8,4,lr:0.001|do:0.5|h:128,1.0,1.0,3.81
mcdepth,0.65_0.8,4,mc_d3,1.0,1.0,9.82
tune,0.65_0.8,4,lr:0.01|do:0.5|h:64,1.0,1.0,3.13
tune,0.65_0.8,4,lr:0.01|do:0.0|h:128,1.0,1.0,3.98
tune,0.65_0.8,4,lr:0.01|do:0.5|h:128,1.0,1.0,3.76
depth,0.65_1.0,0,d2,1.0,1.0,4.41
tune,0.65_1.0,0,lr:0.001|do:0.0|h:64,1.0,1.0,3.09
depth,0.65_1.0,0,d3,1.0,1.0,5.67
mcdepth,0.65_1.0,0,mc_d2,1.0,1.0,7.14
tune,0.65_1.0,0,lr:0.001|do:0.0|h:128,1.0,1.0,3.83
tune,0.65_1.0,0,lr:0.01|do:0.0|h:64,1.0,1.0,3.14
tune,0.65_1.0,0,lr:0.001|do:0.5|h:128,1.0,1.0,3.77
tune,0.65_1.0,0,lr:0.01|do:0.5|h:64,1.0,1.0,3.13
mcdepth,0.65_1.0,0,mc_d3,1.0,1.0,9.8
tune,0.65_1.0,0,lr:0.01|do:0.0|h:128,1.0,1.0,3.99
tune,0.65_1.0,0,lr:0.01|do:0.5|h:128,1.0,1.0,3.84
depth,0.65_1.0,1,d2,1.0,1.0,4.34
tune,0.65_1.0,1,lr:0.001|do:0.0|h:64,1.0,1.0,3.16
depth,0.65_1.0,1,d3,1.0,1.0,5.86
mcdepth,0.65_1.0,1,mc_d2,1.0,1.0,6.93
tune,0.65_1.0,1,lr:0.001|do:0.0|h:128,1.0,1.0,3.74
tune,0.65_1.0,1,lr:0.01|do:0.0|h:64,1.0,1.0,3.14
tune,0.65_1.0,1,lr:0.001|do:0.5|h:128,1.0,1.0,3.82
tune,0.65_1.0,1,lr:0.01|do:0.5|h:64,1.0,1.0,3.03
mcdepth,0.65_1.0,1,mc_d3,1.0,1.0,9.71
tune,0.65_1.0,1,lr:0.01|do:0.0|h:128,1.0,1.0,3.92
tune,0.65_1.0,1,lr:0.01|do:0.5|h:128,1.0,1.0,3.9
depth,0.65_1.0,2,d2,1.0,1.0,4.38
depth,0.65_1.0,2,d3,1.0,1.0,5.98
tune,0.65_1.0,2,lr:0.001|do:0.0|h:64,1.0,1.0,3.18
mcdepth,0.65_1.0,2,mc_d2,1.0,1.0,6.79
tune,0.65_1.0,2,lr:0.001|do:0.0|h:128,1.0,1.0,3.8
tune,0.65_1.0,2,lr:0.01|do:0.0|h:64,1.0,1.0,3.05
tune,0.65_1.0,2,lr:0.001|do:0.5|h:128,1.0,1.0,3.85
mcdepth,0.65_1.0,2,mc_d3,1.0,1.0,9.48
tune,0.65_1.0,2,lr:0.01|do:0.0|h:128,1.0,1.0,3.77
tune,0.65_1.0,2,lr:0.01|do:0.5|h:64,1.0,1.0,3.06
tune,0.65_1.0,2,lr:0.01|do:0.5|h:128,1.0,1.0,3.74
depth,0.65_1.0,3,d2,1.0,1.0,4.48
depth,0.65_1.0,3,d3,1.0,1.0,5.66
tune,0.65_1.0,3,lr:0.001|do:0.0|h:64,1.0,1.0,3.06
mcdepth,0.65_1.0,3,mc_d2,1.0,1.0,6.93
tune,0.65_1.0,3,lr:0.001|do:0.0|h:128,1.0,1.0,3.83
tune,0.65_1.0,3,lr:0.01|do:0.0|h:64,1.0,1.0,3.04
tune,0.65_1.0,3,lr:0.001|do:0.5|h:128,1.0,1.0,3.78
mcdepth,0.65_1.0,3,mc_d3,1.0,1.0,9.34
tune,0.65_1.0,3,lr:0.01|do:0.0|h:128,1.0,1.0,3.87
tune,0.65_1.0,3,lr:0.01|do:0.5|h:64,1.0,1.0,3.14
tune,0.65_1.0,3,lr:0.01|do:0.5|h:128,1.0,1.0,3.75
depth,0.65_1.0,4,d2,1.0,1.0,4.35
tune,0.65_1.0,4,lr:0.001|do:0.0|h:64,1.0,1.0,3.08
mcdepth,0.65_1.0,4,mc_d2,1.0,1.0,6.85
depth,0.65_1.0,4,d3,1.0,1.0,5.91
tune,0.65_1.0,4,lr:0.001|do:0.0|h:128,1.0,1.0,3.77
tune,0.65_1.0,4,lr:0.001|do:0.5|h:128,1.0,1.0,3.79
tune,0.65_1.0,4,lr:0.01|do:0.0|h:64,1.0,1.0,3.15
tune,0.65_1.0,4,lr:0.01|do:0.0|h:128,1.0,1.0,3.86
mcdepth,0.65_1.0,4,mc_d3,1.0,1.0,9.46
tune,0.65_1.0,4,lr:0.01|do:0.5|h:64,1.0,1.0,3.1
tune,0.65_1.0,4,lr:0.01|do:0.5|h:128,1.0,1.0,3.77
depth,0.65_1.5,0,d2,1.0,1.0,4.47
tune,0.65_1.5,0,lr:0.001|do:0.0|h:64,1.0,1.0,3.12
depth,0.65_1.5,0,d3,1.0,1.0,5.86
mcdepth,0.65_1.5,0,mc_d2,1.0,1.0,6.87
tune,0.65_1.5,0,lr:0.001|do:0.0|h:128,1.0,1.0,3.87
tune,0.65_1.5,0,lr:0.01|do:0.0|h:64,1.0,1.0,3.19
mcdepth,0.65_1.5,0,mc_d3,1.0,1.0,9.25
tune,0.65_1.5,0,lr:0.001|do:0.5|h:128,1.0,1.0,3.78
tune,0.65_1.5,0,lr:0.01|do:0.5|h:64,1.0,1.0,3.16
tune,0.65_1.5,0,lr:0.01|do:0.0|h:128,1.0,1.0,3.86
tune,0.65_1.5,0,lr:0.01|do:0.5|h:128,1.0,1.0,3.86
depth,0.65_1.5,1,d2,1.0,1.0,4.35
tune,0.65_1.5,1,lr:0.001|do:0.0|h:64,1.0,1.0,3.23
mcdepth,0.65_1.5,1,mc_d2,1.0,1.0,6.8
depth,0.65_1.5,1,d3,1.0,1.0,5.78
tune,0.65_1.5,1,lr:0.001|do:0.0|h:128,1.0,1.0,3.81
tune,0.65_1.5,1,lr:0.01|do:0.0|h:64,1.0,1.0,3.1
mcdepth,0.65_1.5,1,mc_d3,1.0,1.0,9.53
tune,0.65_1.5,1,lr:0.001|do:0.5|h:128,1.0,1.0,3.9
tune,0.65_1.5,1,lr:0.01|do:0.0|h:128,1.0,1.0,3.84
tune,0.65_1.5,1,lr:0.01|do:0.5|h:64,1.0,1.0,3.15
tune,0.65_1.5,1,lr:0.01|do:0.5|h:128,1.0,1.0,3.89
depth,0.65_1.5,2,d2,1.0,1.0,4.61
depth,0.65_1.5,2,d3,1.0,1.0,5.76
tune,0.65_1.5,2,lr:0.001|do:0.0|h:64,1.0,1.0,3.13
mcdepth,0.65_1.5,2,mc_d2,1.0,1.0,6.81
tune,0.65_1.5,2,lr:0.001|do:0.0|h:128,1.0,1.0,3.9
tune,0.65_1.5,2,lr:0.01|do:0.0|h:64,1.0,1.0,3.13
mcdepth,0.65_1.5,2,mc_d3,1.0,1.0,9.25
tune,0.65_1.5,2,lr:0.001|do:0.5|h:128,1.0,1.0,3.87
tune,0.65_1.5,2,lr:0.01|do:0.0|h:128,0.8571,0.7137,3.85
tune,0.65_1.5,2,lr:0.01|do:0.5|h:64,1.0,1.0,3.21
tune,0.65_1.5,2,lr:0.01|do:0.5|h:128,1.0,1.0,3.81
depth,0.65_1.5,3,d2,1.0,1.0,4.48
tune,0.65_1.5,3,lr:0.001|do:0.0|h:64,1.0,1.0,3.13
depth,0.65_1.5,3,d3,1.0,1.0,5.9
mcdepth,0.65_1.5,3,mc_d2,1.0,1.0,6.82
tune,0.65_1.5,3,lr:0.001|do:0.0|h:128,1.0,1.0,3.84
tune,0.65_1.5,3,lr:0.01|do:0.0|h:64,1.0,1.0,3.2
tune,0.65_1.5,3,lr:0.001|do:0.5|h:128,1.0,1.0,3.84
tune,0.65_1.5,3,lr:0.01|do:0.0|h:128,1.0,1.0,3.85
mcdepth,0.65_1.5,3,mc_d3,1.0,1.0,9.58
tune,0.65_1.5,3,lr:0.01|do:0.5|h:64,1.0,1.0,3.17
tune,0.65_1.5,3,lr:0.01|do:0.5|h:128,1.0,1.0,3.91
depth,0.65_1.5,4,d2,1.0,1.0,4.48
tune,0.65_1.5,4,lr:0.001|do:0.0|h:64,1.0,1.0,3.22
depth,0.65_1.5,4,d3,1.0,1.0,5.93
mcdepth,0.65_1.5,4,mc_d2,1.0,1.0,6.88
tune,0.65_1.5,4,lr:0.001|do:0.0|h:128,1.0,1.0,3.81
tune,0.65_1.5,4,lr:0.01|do:0.0|h:64,1.0,1.0,3.23
mcdepth,0.65_1.5,4,mc_d3,1.0,1.0,9.44
tune,0.65_1.5,4,lr:0.001|do:0.5|h:128,1.0,1.0,3.9
tune,0.65_1.5,4,lr:0.01|do:0.0|h:128,1.0,1.0,3.87
tune,0.65_1.5,4,lr:0.01|do:0.5|h:64,1.0,1.0,3.15
tune,0.65_1.5,4,lr:0.01|do:0.5|h:128,0.8571,0.7137,3.9
depth,0.8_0.0,0,d2,0.944,0.9631,4.47
depth,0.8_0.0,0,d3,0.9869,0.992,5.75
tune,0.8_0.0,0,lr:0.001|do:0.0|h:64,0.1136,0.0986,3.24
mcdepth,0.8_0.0,0,mc_d2,0.9953,0.9973,6.92
tune,0.8_0.0,0,lr:0.001|do:0.0|h:128,0.104,0.0919,3.89
tune,0.8_0.0,0,lr:0.01|do:0.0|h:64,0.2428,0.2309,3.23
tune,0.8_0.0,0,lr:0.001|do:0.5|h:128,0.2041,0.1861,3.86
mcdepth,0.8_0.0,0,mc_d3,1.0,1.0,9.42
tune,0.8_0.0,0,lr:0.01|do:0.0|h:128,0.24,0.2083,3.86
tune,0.8_0.0,0,lr:0.01|do:0.5|h:64,0.4468,0.4838,3.15
tune,0.8_0.0,0,lr:0.01|do:0.5|h:128,0.4311,0.4681,3.9
depth,0.8_0.0,1,d2,0.6992,0.7157,4.47
depth,0.8_0.0,1,d3,1.0,1.0,5.86
mcdepth,0.8_0.0,1,mc_d2,0.8449,0.8372,6.83
tune,0.8_0.0,1,lr:0.001|do:0.0|h:64,0.074,0.0678,3.21
tune,0.8_0.0,1,lr:0.001|do:0.0|h:128,0.0209,0.0157,3.84
tune,0.8_0.0,1,lr:0.01|do:0.0|h:64,0.1616,0.153,3.16
tune,0.8_0.0,1,lr:0.001|do:0.5|h:128,0.0668,0.0547,3.89
mcdepth,0.8_0.0,1,mc_d3,0.9906,0.9947,9.41
tune,0.8_0.0,1,lr:0.01|do:0.0|h:128,0.0731,0.0604,3.85
tune,0.8_0.0,1,lr:0.01|do:0.5|h:64,0.2584,0.2504,3.19
tune,0.8_0.0,1,lr:0.01|do:0.5|h:128,0.1975,0.1777,3.84
depth,0.8_0.0,2,d2,0.9869,0.992,4.57
depth,0.8_0.0,2,d3,0.9906,0.9947,5.89
tune,0.8_0.0,2,lr:0.001|do:0.0|h:64,0.0685,0.0561,3.18
mcdepth,0.8_0.0,2,mc_d2,0.9906,0.9947,6.86
tune,0.8_0.0,2,lr:0.001|do:0.0|h:128,0.1124,0.1101,3.92
tune,0.8_0.0,2,lr:0.01|do:0.0|h:64,0.2035,0.1993,3.11
tune,0.8_0.0,2,lr:0.001|do:0.5|h:128,0.1688,0.1501,3.9
mcdepth,0.8_0.0,2,mc_d3,1.0,1.0,9.39
tune,0.8_0.0,2,lr:0.01|do:0.0|h:128,0.2707,0.263,3.84
tune,0.8_0.0,2,lr:0.01|do:0.5|h:64,0.2971,0.303,3.23
tune,0.8_0.0,2,lr:0.01|do:0.5|h:128,0.4135,0.4524,3.83
depth,0.8_0.0,3,d2,0.927,0.9525,4.58
depth,0.8_0.0,3,d3,0.9953,0.9973,5.97
tune,0.8_0.0,3,lr:0.001|do:0.0|h:64,0.1171,0.0957,3.15
mcdepth,0.8_0.0,3,mc_d2,0.9765,0.9867,6.94
tune,0.8_0.0,3,lr:0.001|do:0.0|h:128,0.0993,0.0893,3.87
tune,0.8_0.0,3,lr:0.01|do:0.0|h:64,0.2562,0.2293,3.04
tune,0.8_0.0,3,lr:0.001|do:0.5|h:128,0.1321,0.1249,3.79
tune,0.8_0.0,3,lr:0.01|do:0.0|h:128,0.2036,0.1778,3.81
mcdepth,0.8_0.0,3,mc_d3,0.9906,0.9947,9.57
tune,0.8_0.0,3,lr:0.01|do:0.5|h:64,0.2128,0.1873,3.16
tune,0.8_0.0,3,lr:0.01|do:0.5|h:128,0.3268,0.3234,3.8
depth,0.8_0.0,4,d2,0.9574,0.9735,4.53
tune,0.8_0.0,4,lr:0.001|do:0.0|h:64,0.0622,0.0526,3.15
depth,0.8_0.0,4,d3,0.9953,0.9973,5.98
mcdepth,0.8_0.0,4,mc_d2,0.9906,0.9947,6.97
tune,0.8_0.0,4,lr:0.001|do:0.0|h:128,0.0845,0.0754,3.89
tune,0.8_0.0,4,lr:0.01|do:0.0|h:64,0.1891,0.1859,3.26
tune,0.8_0.0,4,lr:0.001|do:0.5|h:128,0.0974,0.0805,3.79
mcdepth,0.8_0.0,4,mc_d3,1.0,1.0,9.58
tune,0.8_0.0,4,lr:0.01|do:0.0|h:128,0.1843,0.1656,3.85
tune,0.8_0.0,4,lr:0.01|do:0.5|h:64,0.241,0.2477,3.21
tune,0.8_0.0,4,lr:0.01|do:0.5|h:128,0.2488,0.2491,3.87
depth,0.8_0.2,0,d2,0.9822,0.9894,4.43
tune,0.8_0.2,0,lr:0.001|do:0.0|h:64,0.9587,0.9734,3.22
depth,0.8_0.2,0,d3,0.9953,0.9973,5.83
mcdepth,0.8_0.2,0,mc_d2,1.0,1.0,6.71
tune,0.8_0.2,0,lr:0.001|do:0.0|h:128,0.9483,0.9656,3.78
tune,0.8_0.2,0,lr:0.01|do:0.0|h:64,0.9822,0.9893,3.22
tune,0.8_0.2,0,lr:0.001|do:0.5|h:128,0.9537,0.9709,3.9
mcdepth,0.8_0.2,0,mc_d3,1.0,1.0,9.6
tune,0.8_0.2,0,lr:0.01|do:0.0|h:128,0.9644,0.9787,3.78
tune,0.8_0.2,0,lr:0.01|do:0.5|h:64,0.9658,0.9788,3.13
tune,0.8_0.2,0,lr:0.01|do:0.5|h:128,0.9691,0.9814,3.89
depth,0.8_0.2,1,d2,0.9765,0.9867,4.52
depth,0.8_0.2,1,d3,0.9953,0.9973,5.77
tune,0.8_0.2,1,lr:0.001|do:0.0|h:64,0.9366,0.9603,3.2
mcdepth,0.8_0.2,1,mc_d2,1.0,1.0,6.98
tune,0.8_0.2,1,lr:0.001|do:0.0|h:128,0.9293,0.9552,3.85
tune,0.8_0.2,1,lr:0.01|do:0.0|h:64,0.9859,0.992,3.19
tune,0.8_0.2,1,lr:0.001|do:0.5|h:128,0.948,0.9682,3.79
mcdepth,0.8_0.2,1,mc_d3,1.0,1.0,9.5
tune,0.8_0.2,1,lr:0.01|do:0.0|h:128,0.9859,0.992,3.85
tune,0.8_0.2,1,lr:0.01|do:0.5|h:64,0.9634,0.9787,3.21
tune,0.8_0.2,1,lr:0.01|do:0.5|h:128,0.9691,0.9814,3.9
depth,0.8_0.2,2,d2,0.9718,0.984,4.44
tune,0.8_0.2,2,lr:0.001|do:0.0|h:64,0.9406,0.963,3.15
mcdepth,0.8_0.2,2,mc_d2,1.0,1.0,6.93
depth,0.8_0.2,2,d3,0.9859,0.992,5.84
tune,0.8_0.2,2,lr:0.001|do:0.0|h:128,0.9322,0.9576,3.78
tune,0.8_0.2,2,lr:0.01|do:0.0|h:64,0.9466,0.9682,3.22
tune,0.8_0.2,2,lr:0.001|do:0.5|h:128,0.9086,0.9397,3.9
tune,0.8_0.2,2,lr:0.01|do:0.0|h:128,0.9503,0.9708,3.86
mcdepth,0.8_0.2,2,mc_d3,1.0,1.0,9.53
tune,0.8_0.2,2,lr:0.01|do:0.5|h:64,0.9513,0.9709,3.18
tune,0.8_0.2,2,lr:0.01|do:0.5|h:128,0.9373,0.9604,3.89
depth,0.8_0.2,3,d2,0.9859,0.992,4.57
depth,0.8_0.2,3,d3,0.9953,0.9973,5.9
tune,0.8_0.2,3,lr:0.001|do:0.0|h:64,0.962,0.9761,3.23
mcdepth,0.8_0.2,3,mc_d2,1.0,1.0,7.1
tune,0.8_0.2,3,lr:0.001|do:0.0|h:128,0.9197,0.9475,3.92
tune,0.8_0.2,3,lr:0.01|do:0.0|h:64,0.9953,0.9973,3.2
mcdepth,0.8_0.2,3,mc_d3,1.0,1.0,9.28
tune,0.8_0.2,3,lr:0.001|do:0.5|h:128,0.9654,0.9787,3.92
tune,0.8_0.2,3,lr:0.01|do:0.0|h:128,0.9953,0.9973,3.9
tune,0.8_0.2,3,lr:0.01|do:0.5|h:64,0.9906,0.9947,3.25
tune,0.8_0.2,3,lr:0.01|do:0.5|h:128,0.9906,0.9947,3.91
depth,0.8_0.2,4,d2,0.9859,0.992,4.48
tune,0.8_0.2,4,lr:0.001|do:0.0|h:64,0.9775,0.9867,3.16
depth,0.8_0.2,4,d3,0.9906,0.9947,5.88
mcdepth,0.8_0.2,4,mc_d2,1.0,1.0,7.02
tune,0.8_0.2,4,lr:0.001|do:0.0|h:128,0.9812,0.9893,3.81
tune,0.8_0.2,4,lr:0.01|do:0.0|h:64,0.9789,0.9867,3.2
tune,0.8_0.2,4,lr:0.001|do:0.5|h:128,0.9705,0.9814,3.9
tune,0.8_0.2,4,lr:0.01|do:0.0|h:128,0.9812,0.9893,3.85
mcdepth,0.8_0.2,4,mc_d3,1.0,1.0,9.57
tune,0.8_0.2,4,lr:0.01|do:0.5|h:64,0.9705,0.9814,3.15
tune,0.8_0.2,4,lr:0.01|do:0.5|h:128,0.9775,0.9867,3.94
depth,0.8_0.35,0,d2,1.0,1.0,4.54
depth,0.8_0.35,0,d3,1.0,1.0,5.87
tune,0.8_0.35,0,lr:0.001|do:0.0|h:64,0.9906,0.9947,3.24
mcdepth,0.8_0.35,0,mc_d2,1.0,1.0,7.03
tune,0.8_0.35,0,lr:0.001|do:0.0|h:128,0.9859,0.992,3.9
mcdepth,0.8_0.35,0,mc_d3,1.0,1.0,9.2
tune,0.8_0.35,0,lr:0.01|do:0.0|h:64,1.0,1.0,3.25
tune,0.8_0.35,0,lr:0.001|do:0.5|h:128,0.9953,0.9973,3.88
tune,0.8_0.35,0,lr:0.01|do:0.0|h:128,1.0,1.0,3.88
tune,0.8_0.35,0,lr:0.01|do:0.5|h:64,1.0,1.0,3.2
tune,0.8_0.35,0,lr:0.01|do:0.5|h:128,1.0,1.0,3.8
depth,0.8_0.35,1,d2,1.0,1.0,4.55
tune,0.8_0.35,1,lr:0.001|do:0.0|h:64,0.9953,0.9973,3.19
depth,0.8_0.35,1,d3,1.0,1.0,5.86
mcdepth,0.8_0.35,1,mc_d2,1.0,1.0,6.89
tune,0.8_0.35,1,lr:0.001|do:0.0|h:128,0.9953,0.9973,3.89
tune,0.8_0.35,1,lr:0.01|do:0.0|h:64,1.0,1.0,3.24
tune,0.8_0.35,1,lr:0.001|do:0.5|h:128,1.0,1.0,3.84
tune,0.8_0.35,1,lr:0.01|do:0.0|h:128,1.0,1.0,3.87
mcdepth,0.8_0.35,1,mc_d3,1.0,1.0,9.64
tune,0.8_0.35,1,lr:0.01|do:0.5|h:64,1.0,1.0,3.24
tune,0.8_0.35,1,lr:0.01|do:0.5|h:128,1.0,1.0,3.88
depth,0.8_0.35,2,d2,0.9953,0.9973,4.49
depth,0.8_0.35,2,d3,1.0,1.0,5.75
tune,0.8_0.35,2,lr:0.001|do:0.0|h:64,0.9859,0.992,3.22
mcdepth,0.8_0.35,2,mc_d2,1.0,1.0,6.87
tune,0.8_0.35,2,lr:0.001|do:0.0|h:128,0.9822,0.9893,3.85
tune,0.8_0.35,2,lr:0.01|do:0.0|h:64,1.0,1.0,3.2
tune,0.8_0.35,2,lr:0.001|do:0.5|h:128,0.9822,0.9893,3.87
mcdepth,0.8_0.35,2,mc_d3,1.0,1.0,9.52
tune,0.8_0.35,2,lr:0.01|do:0.0|h:128,1.0,1.0,3.84
tune,0.8_0.35,2,lr:0.01|do:0.5|h:64,1.0,1.0,3.13
tune,0.8_0.35,2,lr:0.01|do:0.5|h:128,1.0,1.0,3.88
depth,0.8_0.35,3,d2,1.0,1.0,4.55
depth,0.8_0.35,3,d3,1.0,1.0,5.83
tune,0.8_0.35,3,lr:0.001|do:0.0|h:64,0.9906,0.9947,3.24
mcdepth,0.8_0.35,3,mc_d2,1.0,1.0,7.08
tune,0.8_0.35,3,lr:0.001|do:0.0|h:128,0.9906,0.9947,3.91
tune,0.8_0.35,3,lr:0.01|do:0.0|h:64,1.0,1.0,3.19
mcdepth,0.8_0.35,3,mc_d3,1.0,1.0,9.3
tune,0.8_0.35,3,lr:0.001|do:0.5|h:128,0.9906,0.9947,3.93
tune,0.8_0.35,3,lr:0.01|do:0.0|h:128,0.9906,0.9947,3.88
tune,0.8_0.35,3,lr:0.01|do:0.5|h:64,1.0,1.0,3.24
tune,0.8_0.35,3,lr:0.01|do:0.5|h:128,1.0,1.0,3.89
depth,0.8_0.35,4,d2,1.0,1.0,4.52
tune,0.8_0.35,4,lr:0.001|do:0.0|h:64,0.9953,0.9973,3.22
depth,0.8_0.35,4,d3,1.0,1.0,5.88
mcdepth,0.8_0.35,4,mc_d2,1.0,1.0,6.97
tune,0.8_0.35,4,lr:0.001|do:0.0|h:128,0.9906,0.9947,3.82
tune,0.8_0.35,4,lr:0.01|do:0.0|h:64,1.0,1.0,3.18
tune,0.8_0.35,4,lr:0.001|do:0.5|h:128,0.9906,0.9947,3.83
tune,0.8_0.35,4,lr:0.01|do:0.0|h:128,0.9906,0.9947,3.79
mcdepth,0.8_0.35,4,mc_d3,1.0,1.0,9.64
tune,0.8_0.35,4,lr:0.01|do:0.5|h:64,1.0,1.0,3.17
tune,0.8_0.35,4,lr:0.01|do:0.5|h:128,1.0,1.0,3.91
depth,0.8_0.5,0,d2,1.0,1.0,4.6
depth,0.8_0.5,0,d3,1.0,1.0,5.85
tune,0.8_0.5,0,lr:0.001|do:0.0|h:64,0.9953,0.9973,3.25
mcdepth,0.8_0.5,0,mc_d2,1.0,1.0,7.08
tune,0.8_0.5,0,lr:0.001|do:0.0|h:128,0.9953,0.9973,3.89
tune,0.8_0.5,0,lr:0.01|do:0.0|h:64,1.0,1.0,3.23
tune,0.8_0.5,0,lr:0.001|do:0.5|h:128,1.0,1.0,3.94
mcdepth,0.8_0.5,0,mc_d3,1.0,1.0,9.29
tune,0.8_0.5,0,lr:0.01|do:0.0|h:128,1.0,1.0,3.89
tune,0.8_0.5,0,lr:0.01|do:0.5|h:64,1.0,1.0,3.28
tune,0.8_0.5,0,lr:0.01|do:0.5|h:128,1.0,1.0,3.94
depth,0.8_0.5,1,d2,1.0,1.0,4.56
tune,0.8_0.5,1,lr:0.001|do:0.0|h:64,1.0,1.0,3.25
mcdepth,0.8_0.5,1,mc_d2,1.0,1.0,6.75
depth,0.8_0.5,1,d3,1.0,1.0,5.91
tune,0.8_0.5,1,lr:0.001|do:0.0|h:128,1.0,1.0,3.93
tune,0.8_0.5,1,lr:0.01|do:0.0|h:64,1.0,1.0,3.22
tune,0.8_0.5,1,lr:0.001|do:0.5|h:128,1.0,1.0,3.94
tune,0.8_0.5,1,lr:0.01|do:0.0|h:128,1.0,1.0,3.89
mcdepth,0.8_0.5,1,mc_d3,1.0,1.0,9.61
tune,0.8_0.5,1,lr:0.01|do:0.5|h:64,1.0,1.0,3.23
tune,0.8_0.5,1,lr:0.01|do:0.5|h:128,1.0,1.0,3.88
depth,0.8_0.5,2,d2,1.0,1.0,4.52
depth,0.8_0.5,2,d3,1.0,1.0,5.85
tune,0.8_0.5,2,lr:0.001|do:0.0|h:64,0.9906,0.9947,3.23
mcdepth,0.8_0.5,2,mc_d2,1.0,1.0,6.89
tune,0.8_0.5,2,lr:0.001|do:0.0|h:128,0.9906,0.9947,3.89
tune,0.8_0.5,2,lr:0.01|do:0.0|h:64,1.0,1.0,3.2
tune,0.8_0.5,2,lr:0.001|do:0.5|h:128,0.9953,0.9973,3.88
mcdepth,0.8_0.5,2,mc_d3,1.0,1.0,9.51
tune,0.8_0.5,2,lr:0.01|do:0.0|h:128,0.9953,0.9973,3.86
tune,0.8_0.5,2,lr:0.01|do:0.5|h:64,1.0,1.0,3.21
tune,0.8_0.5,2,lr:0.01|do:0.5|h:128,1.0,1.0,3.84
depth,0.8_0.5,3,d2,1.0,1.0,4.57
tune,0.8_0.5,3,lr:0.001|do:0.0|h:64,1.0,1.0,3.21
depth,0.8_0.5,3,d3,1.0,1.0,5.86
mcdepth,0.8_0.5,3,mc_d2,1.0,1.0,7.07
tune,0.8_0.5,3,lr:0.001|do:0.0|h:128,1.0,1.0,3.9
tune,0.8_0.5,3,lr:0.01|do:0.0|h:64,1.0,1.0,3.21
tune,0.8_0.5,3,lr:0.001|do:0.5|h:128,1.0,1.0,3.91
mcdepth,0.8_0.5,3,mc_d3,1.0,1.0,9.73
tune,0.8_0.5,3,lr:0.01|do:0.0|h:128,1.0,1.0,3.93
tune,0.8_0.5,3,lr:0.01|do:0.5|h:64,1.0,1.0,3.26
tune,0.8_0.5,3,lr:0.01|do:0.5|h:128,1.0,1.0,3.93
depth,0.8_0.5,4,d2,1.0,1.0,4.59
tune,0.8_0.5,4,lr:0.001|do:0.0|h:64,1.0,1.0,3.24
depth,0.8_0.5,4,d3,1.0,1.0,5.95
mcdepth,0.8_0.5,4,mc_d2,1.0,1.0,7.04
tune,0.8_0.5,4,lr:0.001|do:0.0|h:128,1.0,1.0,3.89
tune,0.8_0.5,4,lr:0.01|do:0.0|h:64,1.0,1.0,3.22
tune,0.8_0.5,4,lr:0.001|do:0.5|h:128,1.0,1.0,3.91
mcdepth,0.8_0.5,4,mc_d3,1.0,1.0,9.7
tune,0.8_0.5,4,lr:0.01|do:0.0|h:128,1.0,1.0,3.86
tune,0.8_0.5,4,lr:0.01|do:0.5|h:64,1.0,1.0,3.22
tune,0.8_0.5,4,lr:0.01|do:0.5|h:128,1.0,1.0,3.95
depth,0.8_0.65,0,d2,1.0,1.0,4.56
tune,0.8_0.65,0,lr:0.001|do:0.0|h:64,1.0,1.0,3.24
depth,0.8_0.65,0,d3,1.0,1.0,5.89
mcdepth,0.8_0.65,0,mc_d2,1.0,1.0,7.1
tune,0.8_0.65,0,lr:0.001|do:0.0|h:128,1.0,1.0,3.92
tune,0.8_0.65,0,lr:0.01|do:0.0|h:64,1.0,1.0,3.23
mcdepth,0.8_0.65,0,mc_d3,1.0,1.0,9.34
tune,0.8_0.65,0,lr:0.001|do:0.5|h:128,1.0,1.0,3.93
tune,0.8_0.65,0,lr:0.01|do:0.0|h:128,1.0,1.0,3.91
tune,0.8_0.65,0,lr:0.01|do:0.5|h:64,1.0,1.0,3.24
tune,0.8_0.65,0,lr:0.01|do:0.5|h:128,1.0,1.0,3.88
depth,0.8_0.65,1,d2,1.0,1.0,4.57
depth,0.8_0.65,1,d3,1.0,1.0,5.95
tune,0.8_0.65,1,lr:0.001|do:0.0|h:64,1.0,1.0,3.2
mcdepth,0.8_0.65,1,mc_d2,1.0,1.0,6.99
tune,0.8_0.65,1,lr:0.001|do:0.0|h:128,1.0,1.0,3.85
tune,0.8_0.65,1,lr:0.01|do:0.0|h:64,1.0,1.0,3.18
mcdepth,0.8_0.65,1,mc_d3,1.0,1.0,9.54
tune,0.8_0.65,1,lr:0.001|do:0.5|h:128,1.0,1.0,3.88
tune,0.8_0.65,1,lr:0.01|do:0.0|h:128,1.0,1.0,3.88
tune,0.8_0.65,1,lr:0.01|do:0.5|h:64,1.0,1.0,3.2
tune,0.8_0.65,1,lr:0.01|do:0.5|h:128,1.0,1.0,3.89
depth,0.8_0.65,2,d2,1.0,1.0,4.56
depth,0.8_0.65,2,d3,1.0,1.0,5.91
tune,0.8_0.65,2,lr:0.001|do:0.0|h:64,1.0,1.0,3.22
mcdepth,0.8_0.65,2,mc_d2,1.0,1.0,6.95
tune,0.8_0.65,2,lr:0.001|do:0.0|h:128,1.0,1.0,3.89
tune,0.8_0.65,2,lr:0.01|do:0.0|h:64,1.0,1.0,3.21
tune,0.8_0.65,2,lr:0.001|do:0.5|h:128,1.0,1.0,3.93
mcdepth,0.8_0.65,2,mc_d3,1.0,1.0,9.28
tune,0.8_0.65,2,lr:0.01|do:0.0|h:128,1.0,1.0,3.88
tune,0.8_0.65,2,lr:0.01|do:0.5|h:64,1.0,1.0,3.21
tune,0.8_0.65,2,lr:0.01|do:0.5|h:128,1.0,1.0,3.89
depth,0.8_0.65,3,d2,1.0,1.0,4.57
tune,0.8_0.65,3,lr:0.001|do:0.0|h:64,1.0,1.0,3.24
depth,0.8_0.65,3,d3,1.0,1.0,5.98
mcdepth,0.8_0.65,3,mc_d2,1.0,1.0,6.85
tune,0.8_0.65,3,lr:0.001|do:0.0|h:128,1.0,1.0,3.93
tune,0.8_0.65,3,lr:0.01|do:0.0|h:64,1.0,1.0,3.19
tune,0.8_0.65,3,lr:0.001|do:0.5|h:128,1.0,1.0,3.89
tune,0.8_0.65,3,lr:0.01|do:0.0|h:128,1.0,1.0,3.86
mcdepth,0.8_0.65,3,mc_d3,1.0,1.0,9.64
tune,0.8_0.65,3,lr:0.01|do:0.5|h:64,1.0,1.0,3.22
tune,0.8_0.65,3,lr:0.01|do:0.5|h:128,1.0,1.0,3.95
depth,0.8_0.65,4,d2,1.0,1.0,4.59
depth,0.8_0.65,4,d3,1.0,1.0,5.8
tune,0.8_0.65,4,lr:0.001|do:0.0|h:64,1.0,1.0,3.22
mcdepth,0.8_0.65,4,mc_d2,1.0,1.0,6.84
tune,0.8_0.65,4,lr:0.001|do:0.0|h:128,1.0,1.0,3.91
tune,0.8_0.65,4,lr:0.01|do:0.0|h:64,1.0,1.0,3.2
tune,0.8_0.65,4,lr:0.001|do:0.5|h:128,1.0,1.0,3.89
mcdepth,0.8_0.65,4,mc_d3,1.0,1.0,9.73
tune,0.8_0.65,4,lr:0.01|do:0.0|h:128,1.0,1.0,3.83
tune,0.8_0.65,4,lr:0.01|do:0.5|h:64,1.0,1.0,3.23
tune,0.8_0.65,4,lr:0.01|do:0.5|h:128,1.0,1.0,3.92
depth,0.8_0.8,0,d2,1.0,1.0,4.46
depth,0.8_0.8,0,d3,1.0,1.0,5.8
tune,0.8_0.8,0,lr:0.001|do:0.0|h:64,1.0,1.0,3.18
mcdepth,0.8_0.8,0,mc_d2,1.0,1.0,6.89
tune,0.8_0.8,0,lr:0.001|do:0.0|h:128,1.0,1.0,3.66
tune,0.8_0.8,0,lr:0.01|do:0.0|h:64,1.0,1.0,2.84
tune,0.8_0.8,0,lr:0.001|do:0.5|h:128,1.0,1.0,3.49
mcdepth,0.8_0.8,0,mc_d3,1.0,1.0,9.16
tune,0.8_0.8,0,lr:0.01|do:0.0|h:128,1.0,1.0,3.45
tune,0.8_0.8,0,lr:0.01|do:0.5|h:64,1.0,1.0,2.8
tune,0.8_0.8,0,lr:0.01|do:0.5|h:128,1.0,1.0,3.48
depth,0.8_0.8,1,d2,1.0,1.0,4.03
tune,0.8_0.8,1,lr:0.001|do:0.0|h:64,1.0,1.0,2.86
depth,0.8_0.8,1,d3,1.0,1.0,5.33
mcdepth,0.8_0.8,1,mc_d2,1.0,1.0,6.26
tune,0.8_0.8,1,lr:0.001|do:0.0|h:128,1.0,1.0,3.52
tune,0.8_0.8,1,lr:0.01|do:0.0|h:64,1.0,1.0,2.86
tune,0.8_0.8,1,lr:0.001|do:0.5|h:128,1.0,1.0,3.53
mcdepth,0.8_0.8,1,mc_d3,1.0,1.0,8.55
tune,0.8_0.8,1,lr:0.01|do:0.0|h:128,1.0,1.0,3.47
tune,0.8_0.8,1,lr:0.01|do:0.5|h:64,1.0,1.0,2.92
tune,0.8_0.8,1,lr:0.01|do:0.5|h:128,1.0,1.0,3.48
depth,0.8_0.8,2,d2,1.0,1.0,4.09
tune,0.8_0.8,2,lr:0.001|do:0.0|h:64,1.0,1.0,2.82
mcdepth,0.8_0.8,2,mc_d2,1.0,1.0,6.12
depth,0.8_0.8,2,d3,1.0,1.0,5.38
tune,0.8_0.8,2,lr:0.001|do:0.0|h:128,1.0,1.0,3.49
tune,0.8_0.8,2,lr:0.01|do:0.0|h:64,1.0,1.0,2.84
tune,0.8_0.8,2,lr:0.001|do:0.5|h:128,1.0,1.0,3.46
mcdepth,0.8_0.8,2,mc_d3,1.0,1.0,8.6
tune,0.8_0.8,2,lr:0.01|do:0.0|h:128,1.0,1.0,3.42
tune,0.8_0.8,2,lr:0.01|do:0.5|h:64,1.0,1.0,2.84
tune,0.8_0.8,2,lr:0.01|do:0.5|h:128,1.0,1.0,3.43
depth,0.8_0.8,3,d2,1.0,1.0,4.13
depth,0.8_0.8,3,d3,1.0,1.0,5.31
tune,0.8_0.8,3,lr:0.001|do:0.0|h:64,1.0,1.0,2.83
mcdepth,0.8_0.8,3,mc_d2,1.0,1.0,6.33
tune,0.8_0.8,3,lr:0.001|do:0.0|h:128,1.0,1.0,3.48
tune,0.8_0.8,3,lr:0.01|do:0.0|h:64,1.0,1.0,2.83
tune,0.8_0.8,3,lr:0.001|do:0.5|h:128,1.0,1.0,3.47
mcdepth,0.8_0.8,3,mc_d3,1.0,1.0,8.7
tune,0.8_0.8,3,lr:0.01|do:0.0|h:128,1.0,1.0,3.48
tune,0.8_0.8,3,lr:0.01|do:0.5|h:64,1.0,1.0,2.85
tune,0.8_0.8,3,lr:0.01|do:0.5|h:128,1.0,1.0,3.48
depth,0.8_0.8,4,d2,1.0,1.0,4.02
tune,0.8_0.8,4,lr:0.001|do:0.0|h:64,1.0,1.0,2.8
depth,0.8_0.8,4,d3,1.0,1.0,5.37
mcdepth,0.8_0.8,4,mc_d2,1.0,1.0,6.3
tune,0.8_0.8,4,lr:0.001|do:0.0|h:128,1.0,1.0,3.45
tune,0.8_0.8,4,lr:0.01|do:0.0|h:64,1.0,1.0,2.85
tune,0.8_0.8,4,lr:0.001|do:0.5|h:128,1.0,1.0,3.49
mcdepth,0.8_0.8,4,mc_d3,1.0,1.0,8.67
tune,0.8_0.8,4,lr:0.01|do:0.5|h:64,1.0,1.0,2.81
tune,0.8_0.8,4,lr:0.01|do:0.0|h:128,1.0,1.0,3.48
tune,0.8_0.8,4,lr:0.01|do:0.5|h:128,1.0,1.0,3.5
depth,0.8_1.0,0,d2,1.0,1.0,4.02
tune,0.8_1.0,0,lr:0.001|do:0.0|h:64,1.0,1.0,2.88
depth,0.8_1.0,0,d3,1.0,1.0,5.32
mcdepth,0.8_1.0,0,mc_d2,1.0,1.0,6.25
tune,0.8_1.0,0,lr:0.001|do:0.0|h:128,1.0,1.0,3.43
tune,0.8_1.0,0,lr:0.01|do:0.0|h:64,1.0,1.0,2.86
mcdepth,0.8_1.0,0,mc_d3,1.0,1.0,8.68
tune,0.8_1.0,0,lr:0.001|do:0.5|h:128,1.0,1.0,3.52
tune,0.8_1.0,0,lr:0.01|do:0.5|h:64,1.0,1.0,2.88
tune,0.8_1.0,0,lr:0.01|do:0.0|h:128,1.0,1.0,3.47
tune,0.8_1.0,0,lr:0.01|do:0.5|h:128,1.0,1.0,3.48
depth,0.8_1.0,1,d2,1.0,1.0,4.11
tune,0.8_1.0,1,lr:0.001|do:0.0|h:64,1.0,1.0,2.85
depth,0.8_1.0,1,d3,1.0,1.0,5.22
mcdepth,0.8_1.0,1,mc_d2,1.0,1.0,6.27
tune,0.8_1.0,1,lr:0.001|do:0.0|h:128,1.0,1.0,3.48
tune,0.8_1.0,1,lr:0.01|do:0.0|h:64,1.0,1.0,2.83
tune,0.8_1.0,1,lr:0.001|do:0.5|h:128,1.0,1.0,3.46
mcdepth,0.8_1.0,1,mc_d3,1.0,1.0,8.6
tune,0.8_1.0,1,lr:0.01|do:0.0|h:128,1.0,1.0,3.46
tune,0.8_1.0,1,lr:0.01|do:0.5|h:64,1.0,1.0,2.87
tune,0.8_1.0,1,lr:0.01|do:0.5|h:128,1.0,1.0,3.46
depth,0.8_1.0,2,d2,1.0,1.0,4.14
depth,0.8_1.0,2,d3,1.0,1.0,5.36
tune,0.8_1.0,2,lr:0.001|do:0.0|h:64,1.0,1.0,2.82
mcdepth,0.8_1.0,2,mc_d2,1.0,1.0,6.21
tune,0.8_1.0,2,lr:0.001|do:0.0|h:128,1.0,1.0,3.44
tune,0.8_1.0,2,lr:0.01|do:0.0|h:64,1.0,1.0,2.87
tune,0.8_1.0,2,lr:0.001|do:0.5|h:128,1.0,1.0,3.55
mcdepth,0.8_1.0,2,mc_d3,1.0,1.0,8.67
tune,0.8_1.0,2,lr:0.01|do:0.0|h:128,1.0,1.0,3.51
tune,0.8_1.0,2,lr:0.01|do:0.5|h:64,1.0,1.0,2.89
tune,0.8_1.0,2,lr:0.01|do:0.5|h:128,1.0,1.0,3.49
depth,0.8_1.0,3,d2,1.0,1.0,4.22
tune,0.8_1.0,3,lr:0.001|do:0.0|h:64,1.0,1.0,2.88
depth,0.8_1.0,3,d3,1.0,1.0,5.4
mcdepth,0.8_1.0,3,mc_d2,1.0,1.0,6.41
tune,0.8_1.0,3,lr:0.001|do:0.0|h:128,1.0,1.0,3.54
tune,0.8_1.0,3,lr:0.01|do:0.0|h:64,1.0,1.0,2.92
tune,0.8_1.0,3,lr:0.001|do:0.5|h:128,1.0,1.0,3.52
mcdepth,0.8_1.0,3,mc_d3,1.0,1.0,8.74
tune,0.8_1.0,3,lr:0.01|do:0.0|h:128,1.0,1.0,3.49
tune,0.8_1.0,3,lr:0.01|do:0.5|h:64,1.0,1.0,2.91
tune,0.8_1.0,3,lr:0.01|do:0.5|h:128,1.0,1.0,3.51
depth,0.8_1.0,4,d2,1.0,1.0,4.08
tune,0.8_1.0,4,lr:0.001|do:0.0|h:64,1.0,1.0,2.9
depth,0.8_1.0,4,d3,1.0,1.0,5.45
mcdepth,0.8_1.0,4,mc_d2,1.0,1.0,6.28
tune,0.8_1.0,4,lr:0.001|do:0.0|h:128,1.0,1.0,3.52
tune,0.8_1.0,4,lr:0.01|do:0.0|h:64,1.0,1.0,2.87
tune,0.8_1.0,4,lr:0.001|do:0.5|h:128,1.0,1.0,3.52
mcdepth,0.8_1.0,4,mc_d3,1.0,1.0,8.76
tune,0.8_1.0,4,lr:0.01|do:0.0|h:128,1.0,1.0,3.47
tune,0.8_1.0,4,lr:0.01|do:0.5|h:64,1.0,1.0,2.81
tune,0.8_1.0,4,lr:0.01|do:0.5|h:128,1.0,1.0,3.5
depth,0.8_1.5,0,d2,1.0,1.0,4.07
depth,0.8_1.5,0,d3,1.0,1.0,5.31
tune,0.8_1.5,0,lr:0.001|do:0.0|h:64,1.0,1.0,2.86
mcdepth,0.8_1.5,0,mc_d2,1.0,1.0,6.3
tune,0.8_1.5,0,lr:0.001|do:0.0|h:128,1.0,1.0,3.5
tune,0.8_1.5,0,lr:0.01|do:0.0|h:64,1.0,1.0,2.85
mcdepth,0.8_1.5,0,mc_d3,1.0,1.0,8.56
tune,0.8_1.5,0,lr:0.001|do:0.5|h:128,1.0,1.0,3.48
tune,0.8_1.5,0,lr:0.01|do:0.5|h:64,1.0,1.0,2.86
tune,0.8_1.5,0,lr:0.01|do:0.0|h:128,1.0,1.0,3.49
tune,0.8_1.5,0,lr:0.01|do:0.5|h:128,1.0,1.0,3.48
depth,0.8_1.5,1,d2,1.0,1.0,4.09
tune,0.8_1.5,1,lr:0.001|do:0.0|h:64,1.0,1.0,2.86
depth,0.8_1.5,1,d3,1.0,1.0,5.29
mcdepth,0.8_1.5,1,mc_d2,1.0,1.0,6.19
tune,0.8_1.5,1,lr:0.001|do:0.0|h:128,1.0,1.0,3.47
tune,0.8_1.5,1,lr:0.01|do:0.0|h:64,1.0,1.0,2.85
tune,0.8_1.5,1,lr:0.001|do:0.5|h:128,1.0,1.0,3.5
mcdepth,0.8_1.5,1,mc_d3,1.0,1.0,8.64
tune,0.8_1.5,1,lr:0.01|do:0.0|h:128,1.0,1.0,3.43
tune,0.8_1.5,1,lr:0.01|do:0.5|h:64,1.0,1.0,2.84
tune,0.8_1.5,1,lr:0.01|do:0.5|h:128,1.0,1.0,3.5
depth,0.8_1.5,2,d2,1.0,1.0,4.11
depth,0.8_1.5,2,d3,1.0,1.0,5.25
tune,0.8_1.5,2,lr:0.001|do:0.0|h:64,1.0,1.0,2.84
mcdepth,0.8_1.5,2,mc_d2,1.0,1.0,6.2
tune,0.8_1.5,2,lr:0.001|do:0.0|h:128,1.0,1.0,3.46
tune,0.8_1.5,2,lr:0.01|do:0.0|h:64,1.0,1.0,2.84
tune,0.8_1.5,2,lr:0.001|do:0.5|h:128,1.0,1.0,3.46
mcdepth,0.8_1.5,2,mc_d3,1.0,1.0,8.47
tune,0.8_1.5,2,lr:0.01|do:0.0|h:128,0.8571,0.7137,3.48
tune,0.8_1.5,2,lr:0.01|do:0.5|h:64,1.0,1.0,2.85
tune,0.8_1.5,2,lr:0.01|do:0.5|h:128,1.0,1.0,3.46
depth,0.8_1.5,3,d2,1.0,1.0,4.06
tune,0.8_1.5,3,lr:0.001|do:0.0|h:64,1.0,1.0,2.83
depth,0.8_1.5,3,d3,1.0,1.0,5.43
mcdepth,0.8_1.5,3,mc_d2,1.0,1.0,6.25
tune,0.8_1.5,3,lr:0.001|do:0.0|h:128,1.0,1.0,3.44
tune,0.8_1.5,3,lr:0.01|do:0.0|h:64,1.0,1.0,2.87
tune,0.8_1.5,3,lr:0.001|do:0.5|h:128,1.0,1.0,3.5
tune,0.8_1.5,3,lr:0.01|do:0.0|h:128,1.0,1.0,3.47
mcdepth,0.8_1.5,3,mc_d3,1.0,1.0,8.72
tune,0.8_1.5,3,lr:0.01|do:0.5|h:64,1.0,1.0,2.85
tune,0.8_1.5,3,lr:0.01|do:0.5|h:128,1.0,1.0,3.52
depth,0.8_1.5,4,d2,1.0,1.0,4.13
depth,0.8_1.5,4,d3,1.0,1.0,5.37
tune,0.8_1.5,4,lr:0.001|do:0.0|h:64,1.0,1.0,2.87
mcdepth,0.8_1.5,4,mc_d2,1.0,1.0,6.24
tune,0.8_1.5,4,lr:0.001|do:0.0|h:128,1.0,1.0,3.47
tune,0.8_1.5,4,lr:0.01|do:0.0|h:64,1.0,1.0,2.88
mcdepth,0.8_1.5,4,mc_d3,1.0,1.0,8.61
tune,0.8_1.5,4,lr:0.001|do:0.5|h:128,1.0,1.0,3.53
tune,0.8_1.5,4,lr:0.01|do:0.0|h:128,1.0,1.0,3.47
tune,0.8_1.5,4,lr:0.01|do:0.5|h:64,1.0,1.0,2.87
tune,0.8_1.5,4,lr:0.01|do:0.5|h:128,1.0,1.0,3.54
depth,0.95_0.0,0,d2,1.0,1.0,4.07
tune,0.95_0.0,0,lr:0.001|do:0.0|h:64,0.3726,0.353,2.88
depth,0.95_0.0,0,d3,0.9906,0.9947,5.25
mcdepth,0.95_0.0,0,mc_d2,1.0,1.0,6.28
tune,0.95_0.0,0,lr:0.001|do:0.0|h:128,0.2201,0.2234,3.41
tune,0.95_0.0,0,lr:0.01|do:0.0|h:64,0.3339,0.3208,2.84
tune,0.95_0.0,0,lr:0.001|do:0.5|h:128,0.3275,0.3366,3.49
mcdepth,0.95_0.0,0,mc_d3,1.0,1.0,8.61
tune,0.95_0.0,0,lr:0.01|do:0.0|h:128,0.4981,0.5253,3.46
tune,0.95_0.0,0,lr:0.01|do:0.5|h:64,0.5677,0.6185,2.85
tune,0.95_0.0,0,lr:0.01|do:0.5|h:128,0.5658,0.6153,3.45
depth,0.95_0.0,1,d2,1.0,1.0,4.09
tune,0.95_0.0,1,lr:0.001|do:0.0|h:64,0.2636,0.2703,2.82
depth,0.95_0.0,1,d3,1.0,1.0,5.39
mcdepth,0.95_0.0,1,mc_d2,0.9906,0.9947,6.24
tune,0.95_0.0,1,lr:0.001|do:0.0|h:128,0.0647,0.0571,3.49
tune,0.95_0.0,1,lr:0.01|do:0.0|h:64,0.4159,0.4453,2.89
tune,0.95_0.0,1,lr:0.001|do:0.5|h:128,0.2001,0.1876,3.47
mcdepth,0.95_0.0,1,mc_d3,1.0,1.0,8.53
tune,0.95_0.0,1,lr:0.01|do:0.0|h:128,0.4605,0.4853,3.47
tune,0.95_0.0,1,lr:0.01|do:0.5|h:64,0.4278,0.4573,2.89
tune,0.95_0.0,1,lr:0.01|do:0.5|h:128,0.4274,0.4338,3.49
depth,0.95_0.0,2,d2,0.9953,0.9973,4.04
tune,0.95_0.0,2,lr:0.001|do:0.0|h:64,0.1922,0.1747,2.89
depth,0.95_0.0,2,d3,0.9906,0.9947,5.33
mcdepth,0.95_0.0,2,mc_d2,1.0,1.0,6.17
tune,0.95_0.0,2,lr:0.001|do:0.0|h:128,0.3623,0.3699,3.44
tune,0.95_0.0,2,lr:0.01|do:0.0|h:64,0.5562,0.5989,2.85
tune,0.95_0.0,2,lr:0.001|do:0.5|h:128,0.2662,0.2625,3.47
tune,0.95_0.0,2,lr:0.01|do:0.0|h:128,0.4075,0.4263,3.38
mcdepth,0.95_0.0,2,mc_d3,1.0,1.0,8.58
tune,0.95_0.0,2,lr:0.01|do:0.5|h:64,0.4517,0.4778,2.84
tune,0.95_0.0,2,lr:0.01|do:0.5|h:128,0.5367,0.5861,3.44
depth,0.95_0.0,3,d2,1.0,1.0,4.16
tune,0.95_0.0,3,lr:0.001|do:0.0|h:64,0.3131,0.3175,2.83
depth,0.95_0.0,3,d3,0.9953,0.9973,5.41
mcdepth,0.95_0.0,3,mc_d2,0.7458,0.6643,6.24
tune,0.95_0.0,3,lr:0.001|do:0.0|h:128,0.1593,0.1374,3.49
tune,0.95_0.0,3,lr:0.01|do:0.0|h:64,0.4067,0.4273,2.88
tune,0.95_0.0,3,lr:0.001|do:0.5|h:128,0.2647,0.263,3.47
mcdepth,0.95_0.0,3,mc_d3,1.0,1.0,8.61
tune,0.95_0.0,3,lr:0.01|do:0.0|h:128,0.3012,0.2759,3.41
tune,0.95_0.0,3,lr:0.01|do:0.5|h:64,0.4042,0.4067,2.9
tune,0.95_0.0,3,lr:0.01|do:0.5|h:128,0.3479,0.3294,3.52
depth,0.95_0.0,4,d2,1.0,1.0,4.1
tune,0.95_0.0,4,lr:0.001|do:0.0|h:64,0.2947,0.3098,2.89
depth,0.95_0.0,4,d3,0.9953,0.9973,5.32
mcdepth,0.95_0.0,4,mc_d2,1.0,1.0,6.24
tune,0.95_0.0,4,lr:0.001|do:0.0|h:128,0.1103,0.0988,3.44
tune,0.95_0.0,4,lr:0.01|do:0.0|h:64,0.3225,0.3238,2.83
tune,0.95_0.0,4,lr:0.001|do:0.5|h:128,0.1957,0.1871,3.5
mcdepth,0.95_0.0,4,mc_d3,1.0,1.0,8.71
tune,0.95_0.0,4,lr:0.01|do:0.0|h:128,0.236,0.2142,3.47
tune,0.95_0.0,4,lr:0.01|do:0.5|h:64,0.4607,0.509,2.88
tune,0.95_0.0,4,lr:0.01|do:0.5|h:128,0.3398,0.3324,3.44
depth,0.95_0.2,0,d2,0.9859,0.992,4.18
tune,0.95_0.2,0,lr:0.001|do:0.0|h:64,0.959,0.9735,2.83
depth,0.95_0.2,0,d3,1.0,1.0,5.36
mcdepth,0.95_0.2,0,mc_d2,1.0,1.0,6.3
tune,0.95_0.2,0,lr:0.001|do:0.0|h:128,0.9297,0.9527,3.49
tune,0.95_0.2,0,lr:0.01|do:0.0|h:64,0.9953,0.9973,2.83
tune,0.95_0.2,0,lr:0.001|do:0.5|h:128,0.9822,0.9894,3.43
mcdepth,0.95_0.2,0,mc_d3,1.0,1.0,8.62
tune,0.95_0.2,0,lr:0.01|do:0.0|h:128,0.9953,0.9973,3.46
tune,0.95_0.2,0,lr:0.01|do:0.5|h:64,0.9953,0.9973,2.88
tune,0.95_0.2,0,lr:0.01|do:0.5|h:128,0.9953,0.9973,3.44
depth,0.95_0.2,1,d2,0.9906,0.9947,4.07
tune,0.95_0.2,1,lr:0.001|do:0.0|h:64,0.9812,0.9893,2.85
depth,0.95_0.2,1,d3,1.0,1.0,5.42
mcdepth,0.95_0.2,1,mc_d2,1.0,1.0,6.22
tune,0.95_0.2,1,lr:0.001|do:0.0|h:128,0.9671,0.9814,3.39
tune,0.95_0.2,1,lr:0.001|do:0.5|h:128,0.9859,0.992,3.46
tune,0.95_0.2,1,lr:0.01|do:0.0|h:64,0.9953,0.9973,2.87
mcdepth,0.95_0.2,1,mc_d3,1.0,1.0,8.6
tune,0.95_0.2,1,lr:0.01|do:0.0|h:128,0.9953,0.9973,3.45
tune,0.95_0.2,1,lr:0.01|do:0.5|h:64,0.9953,0.9973,2.86
tune,0.95_0.2,1,lr:0.01|do:0.5|h:128,0.9906,0.9947,3.47
depth,0.95_0.2,2,d2,0.9859,0.992,4.17
depth,0.95_0.2,2,d3,0.9859,0.992,5.33
tune,0.95_0.2,2,lr:0.001|do:0.0|h:64,0.9742,0.9841,2.85
mcdepth,0.95_0.2,2,mc_d2,1.0,1.0,6.23
tune,0.95_0.2,2,lr:0.001|do:0.0|h:128,0.9564,0.9735,3.45
tune,0.95_0.2,2,lr:0.01|do:0.0|h:64,0.9906,0.9947,2.87
mcdepth,0.95_0.2,2,mc_d3,1.0,1.0,8.5
tune,0.95_0.2,2,lr:0.001|do:0.5|h:128,0.9691,0.9814,3.47
tune,0.95_0.2,2,lr:0.01|do:0.0|h:128,0.9906,0.9947,3.49
tune,0.95_0.2,2,lr:0.01|do:0.5|h:64,0.9705,0.9814,2.91
tune,0.95_0.2,2,lr:0.01|do:0.5|h:128,0.9738,0.9841,3.45
depth,0.95_0.2,3,d2,0.9953,0.9973,4.06
tune,0.95_0.2,3,lr:0.001|do:0.0|h:64,0.9822,0.9893,2.86
depth,0.95_0.2,3,d3,1.0,1.0,5.4
mcdepth,0.95_0.2,3,mc_d2,1.0,1.0,6.32
tune,0.95_0.2,3,lr:0.001|do:0.0|h:128,0.9752,0.9841,3.42
tune,0.95_0.2,3,lr:0.01|do:0.0|h:64,1.0,1.0,2.89
tune,0.95_0.2,3,lr:0.001|do:0.5|h:128,1.0,1.0,3.46
mcdepth,0.95_0.2,3,mc_d3,1.0,1.0,8.71
tune,0.95_0.2,3,lr:0.01|do:0.0|h:128,1.0,1.0,3.44
tune,0.95_0.2,3,lr:0.01|do:0.5|h:64,1.0,1.0,2.89
tune,0.95_0.2,3,lr:0.01|do:0.5|h:128,1.0,1.0,3.53
depth,0.95_0.2,4,d2,0.9953,0.9973,4.1
depth,0.95_0.2,4,d3,1.0,1.0,5.39
tune,0.95_0.2,4,lr:0.001|do:0.0|h:64,0.9812,0.9893,2.91
mcdepth,0.95_0.2,4,mc_d2,1.0,1.0,6.33
tune,0.95_0.2,4,lr:0.001|do:0.0|h:128,0.9728,0.984,3.47
tune,0.95_0.2,4,lr:0.01|do:0.0|h:64,1.0,1.0,2.9
tune,0.95_0.2,4,lr:0.001|do:0.5|h:128,0.9953,0.9973,3.49
mcdepth,0.95_0.2,4,mc_d3,1.0,1.0,8.61
tune,0.95_0.2,4,lr:0.01|do:0.0|h:128,1.0,1.0,3.49
tune,0.95_0.2,4,lr:0.01|do:0.5|h:64,1.0,1.0,2.9
tune,0.95_0.2,4,lr:0.01|do:0.5|h:128,0.9953,0.9973,3.51
depth,0.95_0.35,0,d2,1.0,1.0,4.13
tune,0.95_0.35,0,lr:0.001|do:0.0|h:64,0.9953,0.9973,2.9
depth,0.95_0.35,0,d3,1.0,1.0,5.44
mcdepth,0.95_0.35,0,mc_d2,1.0,1.0,6.22
tune,0.95_0.35,0,lr:0.001|do:0.0|h:128,0.9758,0.9841,3.45
tune,0.95_0.35,0,lr:0.01|do:0.0|h:64,1.0,1.0,2.87
tune,0.95_0.35,0,lr:0.001|do:0.5|h:128,1.0,1.0,3.51
tune,0.95_0.35,0,lr:0.01|do:0.0|h:128,1.0,1.0,3.42
mcdepth,0.95_0.35,0,mc_d3,1.0,1.0,8.57
tune,0.95_0.35,0,lr:0.01|do:0.5|h:64,1.0,1.0,2.89
tune,0.95_0.35,0,lr:0.01|do:0.5|h:128,1.0,1.0,3.47
depth,0.95_0.35,1,d2,1.0,1.0,4.18
depth,0.95_0.35,1,d3,1.0,1.0,5.28
tune,0.95_0.35,1,lr:0.001|do:0.0|h:64,0.9953,0.9973,2.88
mcdepth,0.95_0.35,1,mc_d2,1.0,1.0,6.18
tune,0.95_0.35,1,lr:0.001|do:0.0|h:128,0.9906,0.9947,3.48
tune,0.95_0.35,1,lr:0.01|do:0.0|h:64,0.9953,0.9973,2.9
tune,0.95_0.35,1,lr:0.001|do:0.5|h:128,1.0,1.0,3.47
mcdepth,0.95_0.35,1,mc_d3,1.0,1.0,8.62
tune,0.95_0.35,1,lr:0.01|do:0.0|h:128,0.9953,0.9973,3.39
tune,0.95_0.35,1,lr:0.01|do:0.5|h:64,1.0,1.0,2.91
tune,0.95_0.35,1,lr:0.01|do:0.5|h:128,1.0,1.0,3.48
depth,0.95_0.35,2,d2,0.9859,0.992,4.09
depth,0.95_0.35,2,d3,1.0,1.0,5.23
tune,0.95_0.35,2,lr:0.001|do:0.0|h:64,0.9812,0.9893,2.86
mcdepth,0.95_0.35,2,mc_d2,1.0,1.0,6.26
tune,0.95_0.35,2,lr:0.001|do:0.0|h:128,0.9812,0.9893,3.43
tune,0.95_0.35,2,lr:0.01|do:0.0|h:64,1.0,1.0,2.9
tune,0.95_0.35,2,lr:0.001|do:0.5|h:128,0.9859,0.992,3.44
tune,0.95_0.35,2,lr:0.01|do:0.0|h:128,0.9906,0.9947,3.47
mcdepth,0.95_0.35,2,mc_d3,1.0,1.0,8.61
tune,0.95_0.35,2,lr:0.01|do:0.5|h:64,1.0,1.0,2.91
tune,0.95_0.35,2,lr:0.01|do:0.5|h:128,0.9953,0.9973,3.43
depth,0.95_0.35,3,d2,1.0,1.0,4.03
tune,0.95_0.35,3,lr:0.001|do:0.0|h:64,1.0,1.0,2.79
depth,0.95_0.35,3,d3,1.0,1.0,5.44
mcdepth,0.95_0.35,3,mc_d2,1.0,1.0,6.37
tune,0.95_0.35,3,lr:0.001|do:0.0|h:128,1.0,1.0,3.42
tune,0.95_0.35,3,lr:0.01|do:0.0|h:64,1.0,1.0,2.92
tune,0.95_0.35,3,lr:0.001|do:0.5|h:128,1.0,1.0,3.45
mcdepth,0.95_0.35,3,mc_d3,1.0,1.0,8.62
tune,0.95_0.35,3,lr:0.01|do:0.5|h:64,1.0,1.0,2.84
tune,0.95_0.35,3,lr:0.01|do:0.0|h:128,1.0,1.0,3.46
tune,0.95_0.35,3,lr:0.01|do:0.5|h:128,1.0,1.0,3.5
depth,0.95_0.35,4,d2,1.0,1.0,4.06
depth,0.95_0.35,4,d3,1.0,1.0,5.16
tune,0.95_0.35,4,lr:0.001|do:0.0|h:64,0.9953,0.9973,2.9
mcdepth,0.95_0.35,4,mc_d2,1.0,1.0,6.23
tune,0.95_0.35,4,lr:0.001|do:0.0|h:128,0.9953,0.9973,3.46
tune,0.95_0.35,4,lr:0.01|do:0.0|h:64,1.0,1.0,2.91
tune,0.95_0.35,4,lr:0.001|do:0.5|h:128,0.9953,0.9973,3.43
tune,0.95_0.35,4,lr:0.01|do:0.0|h:128,0.9953,0.9973,3.43
mcdepth,0.95_0.35,4,mc_d3,1.0,1.0,8.75
tune,0.95_0.35,4,lr:0.01|do:0.5|h:64,1.0,1.0,2.84
tune,0.95_0.35,4,lr:0.01|do:0.5|h:128,1.0,1.0,3.55
depth,0.95_0.5,0,d2,1.0,1.0,4.11
depth,0.95_0.5,0,d3,1.0,1.0,5.41
tune,0.95_0.5,0,lr:0.001|do:0.0|h:64,1.0,1.0,2.92
mcdepth,0.95_0.5,0,mc_d2,1.0,1.0,6.26
tune,0.95_0.5,0,lr:0.001|do:0.0|h:128,1.0,1.0,3.41
tune,0.95_0.5,0,lr:0.01|do:0.0|h:64,1.0,1.0,2.91
tune,0.95_0.5,0,lr:0.001|do:0.5|h:128,1.0,1.0,3.48
mcdepth,0.95_0.5,0,mc_d3,1.0,1.0,8.65
tune,0.95_0.5,0,lr:0.01|do:0.0|h:128,1.0,1.0,3.46
tune,0.95_0.5,0,lr:0.01|do:0.5|h:64,1.0,1.0,2.84
tune,0.95_0.5,0,lr:0.01|do:0.5|h:128,1.0,1.0,3.49
depth,0.95_0.5,1,d2,1.0,1.0,4.1
tune,0.95_0.5,1,lr:0.001|do:0.0|h:64,1.0,1.0,2.86
depth,0.95_0.5,1,d3,1.0,1.0,5.3
mcdepth,0.95_0.5,1,mc_d2,1.0,1.0,6.2
tune,0.95_0.5,1,lr:0.001|do:0.0|h:128,1.0,1.0,3.41
tune,0.95_0.5,1,lr:0.01|do:0.0|h:64,1.0,1.0,2.89
mcdepth,0.95_0.5,1,mc_d3,1.0,1.0,8.5
tune,0.95_0.5,1,lr:0.001|do:0.5|h:128,1.0,1.0,3.52
tune,0.95_0.5,1,lr:0.01|do:0.0|h:128,1.0,1.0,3.44
tune,0.95_0.5,1,lr:0.01|do:0.5|h:64,1.0,1.0,2.81
tune,0.95_0.5,1,lr:0.01|do:0.5|h:128,1.0,1.0,3.44
depth,0.95_0.5,2,d2,1.0,1.0,4.04
depth,0.95_0.5,2,d3,1.0,1.0,5.34
tune,0.95_0.5,2,lr:0.001|do:0.0|h:64,0.9906,0.9947,2.88
mcdepth,0.95_0.5,2,mc_d2,1.0,1.0,6.21
tune,0.95_0.5,2,lr:0.001|do:0.0|h:128,0.9906,0.9947,3.4
tune,0.95_0.5,2,lr:0.01|do:0.0|h:64,1.0,1.0,2.89
tune,0.95_0.5,2,lr:0.001|do:0.5|h:128,0.9859,0.992,3.46
mcdepth,0.95_0.5,2,mc_d3,1.0,1.0,8.61
tune,0.95_0.5,2,lr:0.01|do:0.0|h:128,0.9906,0.9947,3.44
tune,0.95_0.5,2,lr:0.01|do:0.5|h:64,1.0,1.0,2.85
tune,0.95_0.5,2,lr:0.01|do:0.5|h:128,1.0,1.0,3.39
depth,0.95_0.5,3,d2,1.0,1.0,4.11
tune,0.95_0.5,3,lr:0.001|do:0.0|h:64,1.0,1.0,2.78
depth,0.95_0.5,3,d3,1.0,1.0,5.31
mcdepth,0.95_0.5,3,mc_d2,1.0,1.0,6.32
tune,0.95_0.5,3,lr:0.001|do:0.0|h:128,1.0,1.0,3.45
tune,0.95_0.5,3,lr:0.01|do:0.0|h:64,1.0,1.0,2.85
tune,0.95_0.5,3,lr:0.001|do:0.5|h:128,1.0,1.0,3.46
mcdepth,0.95_0.5,3,mc_d3,1.0,1.0,8.64
tune,0.95_0.5,3,lr:0.01|do:0.0|h:128,1.0,1.0,3.43
tune,0.95_0.5,3,lr:0.01|do:0.5|h:64,1.0,1.0,2.85
tune,0.95_0.5,3,lr:0.01|do:0.5|h:128,1.0,1.0,3.48
depth,0.95_0.5,4,d2,1.0,1.0,4.01
tune,0.95_0.5,4,lr:0.001|do:0.0|h:64,1.0,1.0,2.83
depth,0.95_0.5,4,d3,1.0,1.0,5.21
mcdepth,0.95_0.5,4,mc_d2,1.0,1.0,6.25
tune,0.95_0.5,4,lr:0.001|do:0.0|h:128,1.0,1.0,3.42
tune,0.95_0.5,4,lr:0.01|do:0.0|h:64,1.0,1.0,2.81
tune,0.95_0.5,4,lr:0.001|do:0.5|h:128,1.0,1.0,3.5
mcdepth,0.95_0.5,4,mc_d3,1.0,1.0,8.72
tune,0.95_0.5,4,lr:0.01|do:0.0|h:128,1.0,1.0,3.45
tune,0.95_0.5,4,lr:0.01|do:0.5|h:64,1.0,1.0,2.83
tune,0.95_0.5,4,lr:0.01|do:0.5|h:128,1.0,1.0,3.42
depth,0.95_0.65,0,d2,1.0,1.0,4.11
tune,0.95_0.65,0,lr:0.001|do:0.0|h:64,1.0,1.0,2.76
depth,0.95_0.65,0,d3,1.0,1.0,5.28
mcdepth,0.95_0.65,0,mc_d2,1.0,1.0,6.27
tune,0.95_0.65,0,lr:0.001|do:0.0|h:128,1.0,1.0,3.48
tune,0.95_0.65,0,lr:0.01|do:0.0|h:64,1.0,1.0,2.84
tune,0.95_0.65,0,lr:0.001|do:0.5|h:128,1.0,1.0,3.43
mcdepth,0.95_0.65,0,mc_d3,1.0,1.0,8.54
tune,0.95_0.65,0,lr:0.01|do:0.0|h:128,1.0,1.0,3.45
tune,0.95_0.65,0,lr:0.01|do:0.5|h:64,1.0,1.0,2.8
tune,0.95_0.65,0,lr:0.01|do:0.5|h:128,1.0,1.0,3.38
depth,0.95_0.65,1,d2,1.0,1.0,3.97
tune,0.95_0.65,1,lr:0.001|do:0.0|h:64,1.0,1.0,2.79
depth,0.95_0.65,1,d3,1.0,1.0,5.34
mcdepth,0.95_0.65,1,mc_d2,1.0,1.0,6.18
tune,0.95_0.65,1,lr:0.001|do:0.0|h:128,1.0,1.0,3.4
tune,0.95_0.65,1,lr:0.01|do:0.0|h:64,1.0,1.0,2.87
tune,0.95_0.65,1,lr:0.001|do:0.5|h:128,1.0,1.0,3.39
mcdepth,0.95_0.65,1,mc_d3,1.0,1.0,8.58
tune,0.95_0.65,1,lr:0.01|do:0.0|h:128,1.0,1.0,3.45
tune,0.95_0.65,1,lr:0.01|do:0.5|h:64,1.0,1.0,2.82
tune,0.95_0.65,1,lr:0.01|do:0.5|h:128,1.0,1.0,3.45
depth,0.95_0.65,2,d2,1.0,1.0,4.0
depth,0.95_0.65,2,d3,1.0,1.0,5.27
tune,0.95_0.65,2,lr:0.001|do:0.0|h:64,1.0,1.0,2.85
mcdepth,0.95_0.65,2,mc_d2,1.0,1.0,6.23
tune,0.95_0.65,2,lr:0.001|do:0.0|h:128,1.0,1.0,3.37
tune,0.95_0.65,2,lr:0.01|do:0.0|h:64,1.0,1.0,2.85
tune,0.95_0.65,2,lr:0.001|do:0.5|h:128,1.0,1.0,3.45
mcdepth,0.95_0.65,2,mc_d3,1.0,1.0,8.58
tune,0.95_0.65,2,lr:0.01|do:0.0|h:128,1.0,1.0,3.47
tune,0.95_0.65,2,lr:0.01|do:0.5|h:64,1.0,1.0,2.74
tune,0.95_0.65,2,lr:0.01|do:0.5|h:128,1.0,1.0,3.43
depth,0.95_0.65,3,d2,1.0,1.0,4.09
tune,0.95_0.65,3,lr:0.001|do:0.0|h:64,1.0,1.0,2.85
depth,0.95_0.65,3,d3,1.0,1.0,5.39
mcdepth,0.95_0.65,3,mc_d2,1.0,1.0,6.28
tune,0.95_0.65,3,lr:0.001|do:0.0|h:128,1.0,1.0,3.44
tune,0.95_0.65,3,lr:0.01|do:0.0|h:64,1.0,1.0,2.88
mcdepth,0.95_0.65,3,mc_d3,1.0,1.0,8.57
tune,0.95_0.65,3,lr:0.001|do:0.5|h:128,1.0,1.0,3.45
tune,0.95_0.65,3,lr:0.01|do:0.0|h:128,1.0,1.0,3.43
tune,0.95_0.65,3,lr:0.01|do:0.5|h:64,1.0,1.0,2.84
tune,0.95_0.65,3,lr:0.01|do:0.5|h:128,1.0,1.0,3.51
depth,0.95_0.65,4,d2,1.0,1.0,3.92
depth,0.95_0.65,4,d3,1.0,1.0,5.29
tune,0.95_0.65,4,lr:0.001|do:0.0|h:64,1.0,1.0,2.91
mcdepth,0.95_0.65,4,mc_d2,1.0,1.0,6.28
tune,0.95_0.65,4,lr:0.001|do:0.0|h:128,1.0,1.0,3.39
tune,0.95_0.65,4,lr:0.01|do:0.0|h:64,1.0,1.0,2.86
tune,0.95_0.65,4,lr:0.001|do:0.5|h:128,1.0,1.0,3.43
mcdepth,0.95_0.65,4,mc_d3,1.0,1.0,8.62
tune,0.95_0.65,4,lr:0.01|do:0.0|h:128,1.0,1.0,3.46
tune,0.95_0.65,4,lr:0.01|do:0.5|h:64,1.0,1.0,2.8
tune,0.95_0.65,4,lr:0.01|do:0.5|h:128,1.0,1.0,3.5
depth,0.95_0.8,0,d2,1.0,1.0,4.0
depth,0.95_0.8,0,d3,1.0,1.0,5.32
tune,0.95_0.8,0,lr:0.001|do:0.0|h:64,1.0,1.0,2.9
mcdepth,0.95_0.8,0,mc_d2,1.0,1.0,6.25
tune,0.95_0.8,0,lr:0.001|do:0.0|h:128,1.0,1.0,3.41
tune,0.95_0.8,0,lr:0.01|do:0.0|h:64,1.0,1.0,2.92
tune,0.95_0.8,0,lr:0.001|do:0.5|h:128,1.0,1.0,3.5
mcdepth,0.95_0.8,0,mc_d3,1.0,1.0,8.55
tune,0.95_0.8,0,lr:0.01|do:0.0|h:128,1.0,1.0,3.48
tune,0.95_0.8,0,lr:0.01|do:0.5|h:64,1.0,1.0,2.86
tune,0.95_0.8,0,lr:0.01|do:0.5|h:128,1.0,1.0,3.51
depth,0.95_0.8,1,d2,1.0,1.0,4.1
depth,0.95_0.8,1,d3,1.0,1.0,5.3
tune,0.95_0.8,1,lr:0.001|do:0.0|h:64,1.0,1.0,2.89
mcdepth,0.95_0.8,1,mc_d2,1.0,1.0,6.14
tune,0.95_0.8,1,lr:0.001|do:0.0|h:128,1.0,1.0,3.43
tune,0.95_0.8,1,lr:0.01|do:0.0|h:64,1.0,1.0,2.9
mcdepth,0.95_0.8,1,mc_d3,1.0,1.0,8.54
tune,0.95_0.8,1,lr:0.001|do:0.5|h:128,1.0,1.0,3.45
tune,0.95_0.8,1,lr:0.01|do:0.0|h:128,1.0,1.0,3.43
tune,0.95_0.8,1,lr:0.01|do:0.5|h:64,1.0,1.0,2.86
tune,0.95_0.8,1,lr:0.01|do:0.5|h:128,1.0,1.0,3.5
depth,0.95_0.8,2,d2,1.0,1.0,4.01
depth,0.95_0.8,2,d3,1.0,1.0,5.1
tune,0.95_0.8,2,lr:0.001|do:0.0|h:64,1.0,1.0,2.89
mcdepth,0.95_0.8,2,mc_d2,1.0,1.0,6.16
tune,0.95_0.8,2,lr:0.001|do:0.0|h:128,1.0,1.0,3.42
tune,0.95_0.8,2,lr:0.001|do:0.5|h:128,1.0,1.0,3.44
tune,0.95_0.8,2,lr:0.01|do:0.0|h:64,1.0,1.0,2.9
tune,0.95_0.8,2,lr:0.01|do:0.0|h:128,1.0,1.0,3.47
mcdepth,0.95_0.8,2,mc_d3,1.0,1.0,8.61
tune,0.95_0.8,2,lr:0.01|do:0.5|h:64,1.0,1.0,2.81
tune,0.95_0.8,2,lr:0.01|do:0.5|h:128,1.0,1.0,3.38
depth,0.95_0.8,3,d2,1.0,1.0,4.17
depth,0.95_0.8,3,d3,1.0,1.0,5.33
tune,0.95_0.8,3,lr:0.001|do:0.0|h:64,1.0,1.0,2.76
mcdepth,0.95_0.8,3,mc_d2,1.0,1.0,6.26
tune,0.95_0.8,3,lr:0.001|do:0.0|h:128,1.0,1.0,3.5
tune,0.95_0.8,3,lr:0.01|do:0.0|h:64,1.0,1.0,2.77
tune,0.95_0.8,3,lr:0.001|do:0.5|h:128,1.0,1.0,3.47
mcdepth,0.95_0.8,3,mc_d3,1.0,1.0,8.67
tune,0.95_0.8,3,lr:0.01|do:0.0|h:128,1.0,1.0,3.45
tune,0.95_0.8,3,lr:0.01|do:0.5|h:64,1.0,1.0,2.9
tune,0.95_0.8,3,lr:0.01|do:0.5|h:128,1.0,1.0,3.47
depth,0.95_0.8,4,d2,1.0,1.0,4.1
tune,0.95_0.8,4,lr:0.001|do:0.0|h:64,1.0,1.0,2.78
depth,0.95_0.8,4,d3,1.0,1.0,5.28
mcdepth,0.95_0.8,4,mc_d2,1.0,1.0,6.32
tune,0.95_0.8,4,lr:0.001|do:0.0|h:128,1.0,1.0,3.48
tune,0.95_0.8,4,lr:0.01|do:0.0|h:64,1.0,1.0,2.87
tune,0.95_0.8,4,lr:0.001|do:0.5|h:128,1.0,1.0,3.43
mcdepth,0.95_0.8,4,mc_d3,1.0,1.0,8.73
tune,0.95_0.8,4,lr:0.01|do:0.0|h:128,1.0,1.0,3.48
tune,0.95_0.8,4,lr:0.01|do:0.5|h:64,1.0,1.0,2.87
tune,0.95_0.8,4,lr:0.01|do:0.5|h:128,1.0,1.0,3.49
depth,0.95_1.0,0,d2,1.0,1.0,4.08
tune,0.95_1.0,0,lr:0.001|do:0.0|h:64,1.0,1.0,2.89
depth,0.95_1.0,0,d3,1.0,1.0,5.24
mcdepth,0.95_1.0,0,mc_d2,1.0,1.0,6.3
tune,0.95_1.0,0,lr:0.001|do:0.0|h:128,1.0,1.0,3.41
tune,0.95_1.0,0,lr:0.01|do:0.0|h:64,1.0,1.0,2.83
tune,0.95_1.0,0,lr:0.001|do:0.5|h:128,1.0,1.0,3.51
mcdepth,0.95_1.0,0,mc_d3,1.0,1.0,8.64
tune,0.95_1.0,0,lr:0.01|do:0.5|h:64,1.0,1.0,2.82
tune,0.95_1.0,0,lr:0.01|do:0.0|h:128,1.0,1.0,3.5
tune,0.95_1.0,0,lr:0.01|do:0.5|h:128,1.0,1.0,3.47
depth,0.95_1.0,1,d2,1.0,1.0,4.16
depth,0.95_1.0,1,d3,1.0,1.0,5.2
tune,0.95_1.0,1,lr:0.001|do:0.0|h:64,1.0,1.0,2.84
mcdepth,0.95_1.0,1,mc_d2,1.0,1.0,6.21
tune,0.95_1.0,1,lr:0.001|do:0.0|h:128,1.0,1.0,3.48
tune,0.95_1.0,1,lr:0.01|do:0.0|h:64,1.0,1.0,2.86
tune,0.95_1.0,1,lr:0.001|do:0.5|h:128,1.0,1.0,3.44
mcdepth,0.95_1.0,1,mc_d3,1.0,1.0,8.63
tune,0.95_1.0,1,lr:0.01|do:0.0|h:128,1.0,1.0,3.46
tune,0.95_1.0,1,lr:0.01|do:0.5|h:64,1.0,1.0,2.91
tune,0.95_1.0,1,lr:0.01|do:0.5|h:128,1.0,1.0,3.45
depth,0.95_1.0,2,d2,1.0,1.0,3.98
tune,0.95_1.0,2,lr:0.001|do:0.0|h:64,1.0,1.0,2.82
depth,0.95_1.0,2,d3,1.0,1.0,5.42
mcdepth,0.95_1.0,2,mc_d2,1.0,1.0,6.26
tune,0.95_1.0,2,lr:0.001|do:0.0|h:128,1.0,1.0,3.4
tune,0.95_1.0,2,lr:0.01|do:0.0|h:64,1.0,1.0,2.86
tune,0.95_1.0,2,lr:0.001|do:0.5|h:128,1.0,1.0,3.45
tune,0.95_1.0,2,lr:0.01|do:0.0|h:128,1.0,1.0,3.45
mcdepth,0.95_1.0,2,mc_d3,1.0,1.0,8.55
tune,0.95_1.0,2,lr:0.01|do:0.5|h:64,1.0,1.0,2.8
tune,0.95_1.0,2,lr:0.01|do:0.5|h:128,1.0,1.0,3.47
depth,0.95_1.0,3,d2,1.0,1.0,4.15
depth,0.95_1.0,3,d3,1.0,1.0,5.32
tune,0.95_1.0,3,lr:0.001|do:0.0|h:64,1.0,1.0,2.84
mcdepth,0.95_1.0,3,mc_d2,1.0,1.0,6.34
tune,0.95_1.0,3,lr:0.001|do:0.0|h:128,1.0,1.0,3.46
tune,0.95_1.0,3,lr:0.01|do:0.0|h:64,1.0,1.0,2.86
mcdepth,0.95_1.0,3,mc_d3,1.0,1.0,8.62
tune,0.95_1.0,3,lr:0.001|do:0.5|h:128,1.0,1.0,3.53
tune,0.95_1.0,3,lr:0.01|do:0.5|h:64,1.0,1.0,2.85
tune,0.95_1.0,3,lr:0.01|do:0.0|h:128,1.0,1.0,3.48
tune,0.95_1.0,3,lr:0.01|do:0.5|h:128,1.0,1.0,3.5
depth,0.95_1.0,4,d2,1.0,1.0,4.06
tune,0.95_1.0,4,lr:0.001|do:0.0|h:64,1.0,1.0,2.87
depth,0.95_1.0,4,d3,1.0,1.0,5.4
mcdepth,0.95_1.0,4,mc_d2,1.0,1.0,6.26
tune,0.95_1.0,4,lr:0.001|do:0.0|h:128,1.0,1.0,3.43
tune,0.95_1.0,4,lr:0.01|do:0.0|h:64,1.0,1.0,2.84
tune,0.95_1.0,4,lr:0.001|do:0.5|h:128,1.0,1.0,3.49
mcdepth,0.95_1.0,4,mc_d3,1.0,1.0,8.74
tune,0.95_1.0,4,lr:0.01|do:0.0|h:128,1.0,1.0,3.49
tune,0.95_1.0,4,lr:0.01|do:0.5|h:64,1.0,1.0,2.81
tune,0.95_1.0,4,lr:0.01|do:0.5|h:128,1.0,1.0,3.47
depth,0.95_1.5,0,d2,1.0,1.0,4.15
depth,0.95_1.5,0,d3,1.0,1.0,5.43
tune,0.95_1.5,0,lr:0.001|do:0.0|h:64,1.0,1.0,2.86
mcdepth,0.95_1.5,0,mc_d2,1.0,1.0,6.33
tune,0.95_1.5,0,lr:0.001|do:0.0|h:128,1.0,1.0,3.5
tune,0.95_1.5,0,lr:0.01|do:0.0|h:64,1.0,1.0,2.87
tune,0.95_1.5,0,lr:0.001|do:0.5|h:128,1.0,1.0,3.52
mcdepth,0.95_1.5,0,mc_d3,1.0,1.0,8.61
tune,0.95_1.5,0,lr:0.01|do:0.0|h:128,1.0,1.0,3.5
tune,0.95_1.5,0,lr:0.01|do:0.5|h:64,1.0,1.0,2.86
tune,0.95_1.5,0,lr:0.01|do:0.5|h:128,1.0,1.0,3.46
depth,0.95_1.5,1,d2,1.0,1.0,4.18
tune,0.95_1.5,1,lr:0.001|do:0.0|h:64,1.0,1.0,2.87
depth,0.95_1.5,1,d3,1.0,1.0,5.47
mcdepth,0.95_1.5,1,mc_d2,1.0,1.0,6.18
tune,0.95_1.5,1,lr:0.001|do:0.0|h:128,1.0,1.0,3.46
tune,0.95_1.5,1,lr:0.01|do:0.0|h:64,1.0,1.0,2.91
tune,0.95_1.5,1,lr:0.001|do:0.5|h:128,1.0,1.0,3.48
mcdepth,0.95_1.5,1,mc_d3,1.0,1.0,8.56
tune,0.95_1.5,1,lr:0.01|do:0.0|h:128,1.0,1.0,3.38
tune,0.95_1.5,1,lr:0.01|do:0.5|h:64,1.0,1.0,2.92
tune,0.95_1.5,1,lr:0.01|do:0.5|h:128,1.0,1.0,3.52
depth,0.95_1.5,2,d2,1.0,1.0,4.09
depth,0.95_1.5,2,d3,1.0,1.0,5.11
tune,0.95_1.5,2,lr:0.001|do:0.0|h:64,1.0,1.0,2.91
mcdepth,0.95_1.5,2,mc_d2,1.0,1.0,6.26
tune,0.95_1.5,2,lr:0.001|do:0.0|h:128,1.0,1.0,3.48
tune,0.95_1.5,2,lr:0.001|do:0.5|h:128,1.0,1.0,3.42
tune,0.95_1.5,2,lr:0.01|do:0.0|h:64,1.0,1.0,2.92
mcdepth,0.95_1.5,2,mc_d3,1.0,1.0,8.6
tune,0.95_1.5,2,lr:0.01|do:0.0|h:128,0.8571,0.7137,3.42
tune,0.95_1.5,2,lr:0.01|do:0.5|h:64,1.0,1.0,2.86
tune,0.95_1.5,2,lr:0.01|do:0.5|h:128,1.0,1.0,3.39
depth,0.95_1.5,3,d2,1.0,1.0,4.2
tune,0.95_1.5,3,lr:0.001|do:0.0|h:64,1.0,1.0,2.84
depth,0.95_1.5,3,d3,1.0,1.0,5.33
mcdepth,0.95_1.5,3,mc_d2,1.0,1.0,6.27
tune,0.95_1.5,3,lr:0.001|do:0.0|h:128,1.0,1.0,3.49
tune,0.95_1.5,3,lr:0.01|do:0.0|h:64,1.0,1.0,2.8
tune,0.95_1.5,3,lr:0.001|do:0.5|h:128,1.0,1.0,3.42
mcdepth,0.95_1.5,3,mc_d3,1.0,1.0,8.67
tune,0.95_1.5,3,lr:0.01|do:0.0|h:128,1.0,1.0,3.42
tune,0.95_1.5,3,lr:0.01|do:0.5|h:64,0.8571,0.7137,2.93
tune,0.95_1.5,3,lr:0.01|do:0.5|h:128,1.0,1.0,3.46
depth,0.95_1.5,4,d2,1.0,1.0,4.06
tune,0.95_1.5,4,lr:0.001|do:0.0|h:64,1.0,1.0,2.85
depth,0.95_1.5,4,d3,1.0,1.0,5.33
mcdepth,0.95_1.5,4,mc_d2,1.0,1.0,6.32
tune,0.95_1.5,4,lr:0.001|do:0.0|h:128,1.0,1.0,3.42
tune,0.95_1.5,4,lr:0.01|do:0.0|h:64,1.0,1.0,2.88
tune,0.95_1.5,4,lr:0.001|do:0.5|h:128,1.0,1.0,3.44
mcdepth,0.95_1.5,4,mc_d3,1.0,1.0,8.69
tune,0.95_1.5,4,lr:0.01|do:0.0|h:128,1.0,1.0,3.38
tune,0.95_1.5,4,lr:0.01|do:0.5|h:64,1.0,1.0,2.83
tune,0.95_1.5,4,lr:0.01|do:0.5|h:128,1.0,1.0,3.44
realdepth,cora,0,d2,0.3915,0.2814,9.95
realdepth,cora,1,d2,0.3911,0.2685,10.24
realdepth,cora,0,d3,0.3663,0.2775,12.11
realdepth,cora,1,d3,0.3992,0.2809,12.15
realdepth,cora,2,d2,0.4147,0.2813,10.56
realdepth,cora,2,d3,0.4437,0.3316,12.5
realdepth,citeseer,0,d2,0.2476,0.2322,15.77
realdepth,citeseer,1,d2,0.2287,0.2051,15.91
realdepth,citeseer,0,d3,0.2222,0.1933,18.11
realdepth,citeseer,1,d3,0.2309,0.2097,18.13
realdepth,citeseer,2,d2,0.2335,0.2158,16.59
realdepth,citeseer,2,d3,0.186,0.1792,19.11
realdepth,photo,0,d2,0.5777,0.4654,47.98
realdepth,photo,1,d2,0.5917,0.4781,47.8
realdepth,photo,0,d3,0.5192,0.4418,59.74
realdepth,photo,2,d2,0.5768,0.4799,47.28
realdepth,photo,1,d3,0.5602,0.4735,57.91
realdepth,photo,2,d3,0.5753,0.4834,43.2
